year,state,total,male 5 to 17,male 18 to 34,male 35 to 64,male 65 to 74,male 75 and older,female 5 to 17,female 18 to 34,female 35 to 64,female 65 to 74,female 75 and older
2008,Alabama,438988,2934,12802,94409,30033,36607,3248,11963,120121,48135,78736
2008,Alaska,38675,1070,2230,11329,1850,1885,303,1226,12246,3268,3268
2008,Arizona,395564,5522,11792,78140,26514,44788,3279,10620,94487,38311,82111
2008,Arkansas,282386,4231,8383,61388,20527,24926,2534,8541,78161,26623,47072
2008,California,1944170,23052,61408,346313,131765,216098,18487,51391,432979,216027,446650
2008,Colorado,228141,1943,7416,43680,15760,22906,2750,4987,61189,21602,45908
2008,Connecticut,183395,1057,4582,32894,10795,20239,1856,3423,45418,17658,45473
2008,Delaware,54920,1101,984,10642,4355,5087,191,1564,14310,6156,10530
2008,Florida,1288355,12482,25089,227906,89393,166055,9259,29473,280294,134346,314058
2008,Georgia,599630,7957,16441,120483,39240,44940,6145,17007,164832,67997,114588
2008,Hawaii,66961,425,1783,10448,5358,11334,227,857,11132,6619,18778
2008,Idaho,85089,1042,1407,15815,6666,10468,816,2800,21399,8796,15880
2008,Illinois,707637,7045,17717,130608,50598,70131,5418,17467,172163,77911,158579
2008,Indiana,410539,5105,11262,81909,28639,37803,3267,10724,113060,42011,76759
2008,Iowa,162822,824,3689,30169,11505,20251,1240,3993,36811,16925,37415
2008,Kansas,165052,1690,4757,30920,11657,18257,1207,4537,40270,15080,36677
2008,Kentucky,404001,3288,16349,95550,29774,28845,2785,12924,109921,40069,64496
2008,Louisiana,357011,4034,9243,75015,25426,29552,2906,9250,94771,41402,65412
2008,Maine,96938,1103,2687,21346,6170,9962,724,3082,23309,10235,18320
2008,Maryland,289862,2142,6591,54152,18775,28410,2535,7310,76825,30418,62704
2008,Massachusetts,349691,3962,7888,68582,23130,34607,2771,9160,82443,36594,80554
2008,Michigan,666767,6528,17154,134087,41280,60936,4906,20575,184147,63466,133688
2008,Minnesota,223552,3265,4866,41423,15547,27784,1585,5752,51133,20829,51368
2008,Mississippi,286217,2530,8045,59843,19690,20738,2666,8663,83941,31607,48494
2008,Missouri,427405,4226,8929,94168,30687,40480,3547,12429,116144,40620,76175
2008,Montana,65388,621,1357,14904,5506,6549,482,2514,15744,6231,11480
2008,Nebraska,92941,481,1433,16739,5741,10878,1036,2618,22773,10333,20909
2008,Nevada,140311,1359,4931,27126,12115,14232,1454,2140,34616,15772,26566
2008,New Hampshire,63553,1210,2574,12864,3572,6526,695,1916,15369,6386,12441
2008,New Jersey,457698,4984,9673,82577,29652,50489,3233,9944,105521,50679,110946
2008,New Mexico,148312,1549,4960,31070,10398,15844,1599,4883,34426,15902,27681
2008,New York,1209815,11474,28230,219196,78872,125717,10241,31435,291978,130318,282354
2008,North Carolina,642167,5972,17266,136941,43871,51438,6303,15812,174247,69968,120349
2008,North Dakota,33595,25,416,6176,2783,4509,122,670,7613,3022,8259
2008,Ohio,782422,6130,27040,155867,52501,72628,7343,23925,204566,77558,154864
2008,Oklahoma,322059,4330,8659,70136,23348,28103,3350,9607,85813,34683,54030
2008,Oregon,252148,2263,5774,49687,17966,27150,2042,7314,63088,24145,52719
2008,Pennsylvania,834601,6397,20546,165057,55582,87352,5561,17938,203015,88296,184857
2008,Rhode Island,64792,892,1706,14247,4386,7245,418,979,13835,5888,15196
2008,South Carolina,351340,4361,7568,72622,24140,30340,2708,7835,100055,39359,62352
2008,South Dakota,39357,77,537,7468,2341,5334,427,1593,8069,3504,10007
2008,Tennessee,506723,4668,13820,107726,36496,41241,3298,15429,143331,53416,87298
2008,Texas,1483349,19752,43772,291963,101946,140060,18448,39527,388052,163468,276361
2008,Utah,112991,1137,4371,19854,7569,11037,1512,5374,28162,11722,22253
2008,Vermont,37082,293,1611,6677,2764,3645,397,1030,8747,3325,8593
2008,Virginia,444220,5110,11471,86990,30882,41428,2695,11336,114783,47845,91680
2008,Washington,390895,4018,12824,80157,27061,38411,2818,11178,98909,38388,77131
2008,West Virginia,203861,1546,6923,51238,13672,15038,1473,5822,56622,18263,33264
2008,Wisconsin,288755,2368,6375,54494,18606,33538,1973,6496,74168,26266,64471
2008,Wyoming,30681,544,1254,6122,1934,3493,447,1108,7799,2806,5174
2009,Alabama,438784,4840,11233,92205,33936,33245,2798,13831,124418,47265,75013
2009,Alaska,36326,373,1264,8848,2646,3062,459,824,10027,3102,5721
2009,Arizona,412107,5278,10578,82278,29966,46354,3665,9461,99700,39221,85606
2009,Arkansas,275084,2546,7106,59599,20558,23871,1352,9315,77578,28333,44826
2009,California,1955675,23045,57656,353633,134331,211238,20812,51649,451983,215065,436263
2009,Colorado,232907,2371,7152,46152,15066,24207,2556,7708,58903,22524,46268
2009,Connecticut,179432,1428,6031,34461,10768,17277,906,3414,44200,19377,41570
2009,Delaware,58538,292,2449,10539,4182,5878,114,2140,15478,6225,11241
2009,Florida,1297383,9380,32286,230814,90905,168619,7186,29388,278361,139489,310955
2009,Georgia,614387,7552,15129,130948,44024,45152,5377,15973,173605,69967,106660
2009,Hawaii,69658,263,1695,12108,5327,10347,352,1177,14622,6263,17504
2009,Idaho,84853,1103,2477,19049,5924,8515,469,1854,20827,7700,16935
2009,Illinois,695328,6676,16928,120125,49510,69406,5822,17876,174492,78524,155969
2009,Indiana,422514,4176,10946,85457,27363,39425,3415,10865,116770,44526,79571
2009,Iowa,160517,1406,4040,31355,12603,17729,1177,3298,36592,16271,36046
2009,Kansas,174594,1454,6183,32580,11796,17439,1645,5007,45179,17549,35762
2009,Kentucky,404105,4172,11767,95592,26772,30443,1747,12985,116548,43481,60598
2009,Louisiana,356895,3279,11238,72854,25355,31021,2789,11204,96675,40711,61769
2009,Maine,102003,444,3434,22827,7562,11196,337,4115,24505,9040,18543
2009,Maryland,294157,3476,5231,54313,19343,27219,2716,7421,79031,30626,64781
2009,Massachusetts,360869,3976,10286,69961,23276,35641,3884,9751,90267,34331,79496
2009,Michigan,681229,6918,16787,141987,38695,61828,5083,19799,190483,68989,130660
2009,Minnesota,231859,2168,6307,45748,18393,26296,2271,5146,53923,20549,51058
2009,Mississippi,263579,1801,7155,56108,20151,22258,3465,7468,74320,27909,42944
2009,Missouri,447208,3962,11101,93313,30807,41224,3713,13428,121276,48097,80287
2009,Montana,60326,357,2799,12707,4319,7855,459,1801,13526,4704,11799
2009,Nebraska,93091,837,2104,17306,6878,11364,687,2611,22145,8244,20915
2009,Nevada,146244,1502,4043,31296,10975,18057,1531,4105,34918,14506,25311
2009,New Hampshire,72742,300,1614,14344,5375,7358,437,2457,16676,8130,16051
2009,New Jersey,468866,6428,10246,74007,30690,55602,4339,11286,108958,53232,114078
2009,New Mexico,145741,1327,3977,31363,11267,16679,1632,4704,32127,15361,27304
2009,New York,1189072,11221,26855,218096,84262,120603,11474,28073,293598,123566,271324
2009,North Carolina,651618,5741,17178,137094,46382,56613,4810,16862,177492,72038,117408
2009,North Dakota,34454,231,397,6027,2336,4335,118,596,8122,3520,8772
2009,Ohio,804982,8300,21291,171207,52660,71632,5334,24731,212244,82060,155523
2009,Oklahoma,315748,2261,7809,69647,22669,27383,2672,9914,88927,31824,52642
2009,Oregon,248131,2257,6464,50532,16716,26920,1781,7687,60804,26236,48734
2009,Pennsylvania,836607,5610,18871,149951,54644,87345,7108,19824,214015,87906,191333
2009,Rhode Island,60889,418,1127,13056,3152,5385,457,1770,14454,6444,14626
2009,South Carolina,350096,2564,9420,77228,24686,30086,2167,7674,91240,38300,66731
2009,South Dakota,45587,524,1184,9731,3593,5628,549,1640,10017,4136,8585
2009,Tennessee,526304,3998,11774,121165,35035,42021,3982,13508,145360,56655,92806
2009,Texas,1511665,20098,42611,304148,110721,131583,17166,45312,399421,163610,276995
2009,Utah,108586,2071,4346,21821,7405,10531,1066,4809,23756,10202,22579
2009,Vermont,39390,151,836,8490,2298,4059,354,1989,9355,4266,7592
2009,Virginia,444797,3818,12671,84615,33289,40337,4004,10454,120203,49546,85860
2009,Washington,397487,3932,15267,80305,26279,41542,3228,13804,99623,38076,75431
2009,West Virginia,198842,723,4809,52043,15432,17283,1278,6591,47981,21834,30868
2009,Wisconsin,296340,2497,6944,57943,19919,31311,1858,7906,75273,28564,64125
2009,Wyoming,30829,519,760,6376,2590,3132,113,368,7581,2815,6575
2010,Alabama,437724,4093,10749,93241,30503,35633,2625,9982,125309,48445,77144
2010,Alaska,35732,705,1227,9150,1933,2144,354,1414,11061,3904,3840
2010,Arizona,380413,3588,10181,73657,26067,41149,4119,9220,97976,39536,74920
2010,Arkansas,262949,1366,5009,58950,22473,21872,1988,6482,73698,27744,43367
2010,California,1941798,22415,55499,351212,134746,219089,16661,48615,442175,211418,439968
2010,Colorado,236003,2102,6915,46095,14381,23383,2624,6256,61135,24590,48522
2010,Connecticut,188276,1854,3477,34767,10347,21889,1849,3618,46687,19400,44388
2010,Delaware,55910,304,2398,12451,4540,4975,399,1018,14459,5347,10019
2010,Florida,1326821,8649,29830,248041,101554,165127,9303,25417,292729,143658,302513
2010,Georgia,620358,5444,15592,131920,48508,49218,5507,16156,172631,70234,105148
2010,Hawaii,69294,627,1713,11698,4911,9831,877,1088,14660,6973,16916
2010,Idaho,94120,957,3094,17976,7287,9238,1244,2828,25429,8593,17474
2010,Illinois,705535,6135,14440,129234,50136,75420,6688,17191,170479,79411,156401
2010,Indiana,428093,3836,10358,91499,28643,39321,3310,10999,115301,45712,79114
2010,Iowa,165889,1530,3689,32552,11892,18331,675,2849,41112,15451,37808
2010,Kansas,185654,1220,5729,36499,14598,20119,1672,5072,45825,17891,37029
2010,Kentucky,408059,3620,10232,103712,29246,29079,2162,12001,119631,39048,59328
2010,Louisiana,366944,5148,11955,82253,24659,27768,3240,12358,97462,41150,60951
2010,Maine,96986,1008,2300,22721,6569,9384,429,2312,24501,9947,17815
2010,Maryland,302347,2891,6025,56058,21852,30508,2876,8168,75336,34531,64102
2010,Massachusetts,357522,4148,7691,66366,22578,37888,3597,9667,88643,34409,82535
2010,Michigan,696728,5715,20743,145009,46383,64664,5660,18097,188384,66992,135081
2010,Minnesota,237023,2870,5458,42440,16167,28567,2271,6015,56577,21423,55235
2010,Mississippi,281781,3271,7210,59464,21935,21410,1981,8064,80306,31733,46407
2010,Missouri,449323,3312,8063,98725,31341,41718,3089,10809,124514,46366,81386
2010,Montana,61900,686,1389,13417,4819,6903,801,904,14893,6607,11481
2010,Nebraska,103494,1802,2821,19073,7042,11898,1017,4229,23400,9150,23062
2010,Nevada,153440,1113,5137,32642,14882,14648,884,3118,38668,18207,24141
2010,New Hampshire,69195,588,1100,15175,4427,7515,559,2163,18344,6936,12388
2010,New Jersey,455167,3279,9161,76122,30967,50510,4455,10568,103259,49587,117259
2010,New Mexico,147955,2030,4209,31583,12892,13935,876,4193,35753,16531,25953
2010,New York,1131582,11774,24613,202959,71442,124321,9675,26969,270865,125360,263604
2010,North Carolina,691052,6679,15157,153144,48111,57543,4860,14679,189363,74520,126996
2010,North Dakota,33107,484,613,6537,2631,4215,97,777,6430,3238,8085
2010,Ohio,804510,7479,18532,166196,53032,77557,6645,18484,220001,81256,155328
2010,Oklahoma,324949,2762,8466,69830,24992,29596,3237,9142,87843,35507,53574
2010,Oregon,262475,2363,6909,56177,19137,26727,2454,7817,66190,24425,50276
2010,Pennsylvania,837975,6701,16936,163497,58090,88657,4938,17482,205271,83653,192750
2010,Rhode Island,69391,486,1456,14485,4377,7268,177,1584,18232,6485,14841
2010,South Carolina,353574,2399,10431,76923,28345,29681,1381,7408,96494,39906,60606
2010,South Dakota,44993,270,1902,8099,2844,6407,185,806,9975,4876,9629
2010,Tennessee,536181,3124,13413,115732,44167,42074,3913,15997,148842,59893,89026
2010,Texas,1545554,19923,46358,316250,115649,137851,16483,43092,408689,172880,268379
2010,Utah,102876,1213,3976,19083,5233,10395,1712,3558,26719,11747,19240
2010,Vermont,36521,221,1021,7704,2366,3705,740,1966,8119,3076,7603
2010,Virginia,461091,4776,11557,96635,33072,45432,3360,10505,116888,51307,87559
2010,Washington,392981,3867,8747,79235,28127,42210,2438,14816,95304,39558,78679
2010,West Virginia,203602,1421,6277,47837,15802,15859,916,6024,56790,21497,31179
2010,Wisconsin,303410,3346,6200,59525,20296,36457,3210,9193,74071,27312,63800
2010,Wyoming,27583,159,1146,5690,2039,3054,259,712,6439,3082,5003
2011,Alabama,447426,3825,11307,103938,33480,35971,3074,10960,125311,46515,73045
2011,Alaska,38015,166,2070,8647,2721,3521,371,1766,9990,4251,4512
2011,Arizona,384331,2834,12173,71584,29033,46608,3607,9424,94759,42538,71771
2011,Arkansas,271736,2734,6569,60810,22367,22961,2313,7299,74334,28957,43392
2011,California,1986825,22697,50737,362261,143632,223797,18901,47094,452783,216619,448304
2011,Colorado,238504,3752,7499,50003,15152,24644,2406,6662,59332,22540,46514
2011,Connecticut,195959,2457,3723,35141,14504,21552,1637,5158,46466,20999,44322
2011,Delaware,58216,715,1781,8855,3774,5545,209,1067,17576,6976,11718
2011,Florida,1354368,8831,29565,260529,103524,176528,8269,24774,286686,143916,311746
2011,Georgia,639314,6144,17618,138484,46121,44893,6149,19921,181941,72942,105101
2011,Hawaii,73240,966,1654,13775,5429,9907,291,2182,12710,6984,19342
2011,Idaho,99838,1011,2470,19853,8255,10973,2258,2285,23256,12157,17320
2011,Illinois,722954,7405,17841,130877,51471,79311,5480,19003,171833,78922,160811
2011,Indiana,442041,3935,11206,91068,30964,39240,3759,11956,121353,48499,80061
2011,Iowa,167741,1019,2890,31538,11875,20072,1413,3749,40900,17339,36946
2011,Kansas,176218,2149,5035,33621,12683,18236,1729,5030,44527,16843,36365
2011,Kentucky,408741,3244,11797,99464,29949,30634,2429,11820,116264,41819,61321
2011,Louisiana,374314,2893,12322,85301,25253,30122,3746,10767,101101,40087,62722
2011,Maine,96879,461,1907,20213,7708,11140,759,3049,22901,9370,19371
2011,Maryland,312453,2741,6811,58034,20456,28060,2312,6939,85150,35292,66658
2011,Massachusetts,367182,3812,8628,69286,24644,37323,4188,11250,87408,37716,82927
2011,Michigan,712669,6551,20532,152820,48403,64606,4725,20410,190127,71527,132968
2011,Minnesota,241173,2843,5640,45159,18045,28418,2219,7690,54344,23731,53084
2011,Mississippi,285000,3432,7539,61873,24348,23115,1947,8601,76539,30391,47215
2011,Missouri,444132,3896,13444,92114,32122,42025,2884,10714,122863,48246,75824
2011,Montana,65204,289,3928,13381,5234,6906,843,2400,14246,5708,12269
2011,Nebraska,90148,679,1816,17077,6544,10656,741,1906,22605,7959,20165
2011,Nevada,167737,1804,4392,37112,14075,16918,919,3583,46290,17728,24916
2011,New Hampshire,71975,839,1052,16312,5663,8770,385,1727,17175,7102,12950
2011,New Jersey,475491,4171,9998,80172,34268,51884,3514,10987,109717,50030,120750
2011,New Mexico,151587,885,4598,32755,11651,16408,1018,5006,36769,16696,25801
2011,New York,1172393,10586,26958,208834,75323,117073,9623,29374,293389,126847,274386
2011,North Carolina,683480,4411,16718,148284,49112,58289,3620,17180,188636,74246,122984
2011,North Dakota,33723,376,707,6166,3217,4102,210,677,7192,3708,7368
2011,Ohio,805733,7873,19259,167727,51831,74090,5590,20908,217976,85562,154917
2011,Oklahoma,319110,2981,9020,68016,25979,29070,2982,8198,89130,33282,50452
2011,Oregon,263084,2950,7102,51461,22591,24587,1320,6455,69535,23841,53242
2011,Pennsylvania,868370,7646,21190,168512,55463,90947,5572,21241,222027,84500,191272
2011,Rhode Island,63454,499,1670,12063,4036,8080,135,843,16413,5883,13832
2011,South Carolina,357273,2391,9965,80617,26890,29258,2059,7433,98732,39472,60456
2011,South Dakota,47830,468,1027,9943,3595,6143,215,1358,9828,4381,10872
2011,Tennessee,543325,4411,12744,116117,40341,42117,4375,16358,153643,61489,91730
2011,Texas,1555744,20642,46929,313687,114156,143773,14314,41872,407378,177151,275842
2011,Utah,112962,1957,3937,25061,7421,11148,1585,5093,25752,10340,20668
2011,Vermont,35589,370,818,7236,2738,3461,354,1202,7801,3746,7863
2011,Virginia,472073,4369,10834,97473,33152,42289,3719,12554,123230,49066,95387
2011,Washington,412806,4752,10034,82166,28000,40771,4335,12304,109324,42283,78837
2011,West Virginia,206068,1430,5425,51646,14996,18341,1010,5145,55197,20834,32044
2011,Wisconsin,312710,3951,7602,59226,22697,35418,2957,9546,75021,29795,66497
2011,Wyoming,28493,178,991,6492,2559,2952,101,989,6858,2286,5087
2012,Alabama,462130,3788,13292,104208,36478,36439,3012,10454,125709,50559,78191
2012,Alaska,35877,154,1087,9391,2604,3091,201,1416,9178,4170,4585
2012,Arizona,403052,4345,9645,80323,34203,44591,3785,10895,92679,44607,77979
2012,Arkansas,264502,2986,6717,60308,21711,23148,1601,6407,71415,29426,40783
2012,California,2038248,24041,54801,362896,143073,236532,14864,49852,457104,234359,460726
2012,Colorado,251723,2881,6867,48962,18260,25052,2349,7427,68098,26048,45779
2012,Connecticut,185745,2990,2570,33161,11729,21428,1760,4634,42826,20815,43832
2012,Delaware,59863,525,1381,10702,4486,6689,343,1216,17290,6180,11051
2012,Florida,1355292,8502,29337,253303,110771,166083,9660,29233,297582,150559,300262
2012,Georgia,633764,5369,17294,137905,50197,50730,4637,16036,169817,73583,108196
2012,Hawaii,78040,358,1897,14317,6886,9590,660,1389,15955,8009,18979
2012,Idaho,88730,1702,2097,17946,6501,10016,1083,3027,21274,9943,15141
2012,Illinois,741078,8505,18502,136878,56651,77206,7753,17956,173733,86164,157730
2012,Indiana,428230,3520,10819,88883,31774,41064,4196,10352,113868,45286,78468
2012,Iowa,166360,1572,2856,31419,13087,20119,1027,4775,38600,17601,35304
2012,Kansas,174090,1879,5687,32378,11330,19513,1134,5074,43619,17305,36171
2012,Kentucky,405879,3519,10369,97148,31659,31292,3488,11622,111748,44038,60996
2012,Louisiana,368263,3602,11440,76456,29956,29505,2637,9438,97157,45285,62787
2012,Maine,95195,713,2440,21092,7651,9620,689,3036,24242,9137,16575
2012,Maryland,316089,2539,7160,57373,22183,33105,3017,10040,78700,36989,64983
2012,Massachusetts,369599,4061,9272,68676,25832,42548,3048,8569,85179,38816,83598
2012,Michigan,710224,4720,20266,155989,48568,64559,4607,18575,189686,76046,127208
2012,Minnesota,255404,2184,6082,49589,16854,29603,2478,8164,60112,25639,54699
2012,Mississippi,280003,1848,5863,63378,23200,22089,1556,7039,77594,33864,43572
2012,Missouri,453337,4235,9593,98482,36356,43038,3360,10784,121218,48983,77288
2012,Montana,65705,250,1680,13268,5481,7499,576,1177,16563,7088,12123
2012,Nebraska,90037,1159,2414,15493,6656,11068,557,2012,21838,8013,20827
2012,Nevada,177455,1157,5916,36320,17169,17922,1481,4222,45558,19102,28608
2012,New Hampshire,74985,583,1816,16403,6162,7054,732,2463,17300,7864,14608
2012,New Jersey,476625,5217,11388,77218,36248,52541,3831,9157,109224,55280,116521
2012,New Mexico,163578,1913,5254,33251,13307,18015,1392,4722,40274,16273,29177
2012,New York,1175780,10141,26060,209539,77416,126038,8408,30136,277949,136024,274069
2012,North Carolina,683994,4055,17380,143294,51302,58409,4695,16595,182383,77576,128305
2012,North Dakota,33495,187,655,7615,2221,4294,271,1259,6805,3087,7101
2012,Ohio,812083,7018,19383,175067,58044,73407,6050,22516,214834,86504,149260
2012,Oklahoma,312363,2935,8882,68127,26643,28049,1939,8405,84878,33678,48827
2012,Oregon,263737,1825,5529,53679,18560,28875,1498,8434,61346,27951,56040
2012,Pennsylvania,862977,8434,22371,163794,60524,87933,6980,20882,213078,90554,188427
2012,Rhode Island,64315,332,1584,12739,3423,6761,724,1841,16828,5816,14267
2012,South Carolina,372624,3150,8125,78778,31836,30699,2274,7996,105787,41945,62034
2012,South Dakota,46016,723,1762,9416,3425,6389,404,1244,10233,4091,8329
2012,Tennessee,547852,5381,12616,123944,44921,44302,3288,13229,150901,58754,90516
2012,Texas,1569404,20021,44778,318271,128130,144170,15161,42801,401825,174178,280069
2012,Utah,121168,1931,3823,22905,9272,13017,2184,4642,30059,12363,20972
2012,Vermont,37922,183,1077,8657,3186,4128,197,635,9267,2854,7738
2012,Virginia,459611,3457,10707,87156,36756,43722,3220,13301,115296,51989,94007
2012,Washington,397293,2107,10707,80165,27144,41107,2651,13377,102000,42966,75069
2012,West Virginia,204396,1626,5190,50262,17966,15507,1344,5080,53973,20748,32700
2012,Wisconsin,318154,3431,6989,65549,21088,36316,2755,7545,77334,30159,66988
2012,Wyoming,32242,381,1087,5673,2535,3913,238,994,8280,3387,5754
2013,Alabama,438611,2562,9607,94710,31925,36466,3345,11205,124793,49604,74394
2013,Alaska,38634,197,763,10534,3173,3098,186,1373,10335,3347,5628
2013,Arizona,428167,2597,12177,86096,35264,48847,4248,12994,94367,51880,79697
2013,Arkansas,282938,1758,8946,64409,23549,25155,1318,6850,73073,30699,47181
2013,California,2108217,22655,55488,368326,163242,247197,18356,49113,463572,242984,477284
2013,Colorado,269179,3744,8451,53249,21305,29405,2005,8322,65645,28636,48417
2013,Connecticut,186066,1173,4311,30201,13149,23564,1719,4351,41917,18374,47307
2013,Delaware,63024,579,1083,11719,4512,6987,296,2370,17138,6365,11975
2013,Florida,1422283,11035,28196,256502,116617,181173,8091,31230,310372,160359,318708
2013,Georgia,651132,4808,15990,137291,51682,50108,4084,19488,175081,81552,111048
2013,Hawaii,76029,885,1263,11157,6649,10989,421,1483,13402,8832,20948
2013,Idaho,100400,1208,2375,21718,8878,10847,837,2008,21886,12133,18510
2013,Illinois,763936,7321,16921,146143,56783,83549,6288,16522,186151,86557,157701
2013,Indiana,471698,4959,10999,98964,37098,43228,4933,12100,124869,51854,82694
2013,Iowa,170341,962,4577,30138,13709,21096,979,4681,41834,16820,35545
2013,Kansas,174581,1415,3463,32701,12968,20313,1021,5005,42218,18662,36815
2013,Kentucky,412638,4076,9419,97170,33301,32453,2563,10989,120922,44836,56909
2013,Louisiana,357337,3708,9128,77201,31776,29930,1481,9666,90960,41459,62028
2013,Maine,98504,482,2585,22282,6904,10327,361,1743,25401,9244,19175
2013,Maryland,325938,2171,8193,60906,24852,33118,2135,8169,80207,37420,68767
2013,Massachusetts,387741,4838,10266,70867,28411,40472,3307,9300,90790,43491,85999
2013,Michigan,741354,7361,18433,157463,52523,65904,5518,21867,197296,80826,134163
2013,Minnesota,247603,2907,6978,46608,18334,30101,1578,5602,55485,23798,56212
2013,Mississippi,289167,2372,6720,66769,23714,23480,1419,7071,76987,34662,45973
2013,Missouri,457799,4133,13030,99680,34487,41846,3733,11014,119234,49891,80751
2013,Montana,67308,319,1564,13775,5821,7467,252,1278,17805,6222,12805
2013,Nebraska,100813,748,2447,18283,7998,13079,550,1719,23928,10561,21500
2013,Nevada,187614,1911,4720,39078,15937,16287,1173,5753,49574,24030,29151
2013,New Hampshire,78613,784,1498,16933,7535,7260,357,1654,18681,10370,13541
2013,New Jersey,500341,4335,10947,85620,34544,57592,2305,11688,109557,61735,122018
2013,New Mexico,169383,1478,5703,36056,13821,20412,515,5754,39889,18644,27111
2013,New York,1202226,9815,26541,213406,88382,130628,8200,29173,283773,140618,271690
2013,North Carolina,732024,7473,18095,149494,60526,64849,4227,18613,192067,84042,132638
2013,North Dakota,36119,382,910,6679,2452,5056,95,1279,7635,3027,8604
2013,Ohio,814136,6479,21210,175588,59453,80971,6435,20812,209480,88487,145221
2013,Oklahoma,328122,2448,8642,71418,29748,30651,3087,10255,84716,34959,52198
2013,Oregon,280872,1721,6613,61050,22646,29188,1297,7826,69172,30834,50525
2013,Pennsylvania,867049,7584,17480,170040,67262,92095,5554,21678,215457,88891,181008
2013,Rhode Island,65036,825,1859,11351,4213,6800,813,1965,15209,7104,14897
2013,South Carolina,370353,3680,9368,79236,33299,28358,2887,10482,95345,44163,63535
2013,South Dakota,53384,625,1426,11752,4660,6225,247,1510,12168,4183,10588
2013,Tennessee,544297,3328,14589,118763,43104,43528,4432,13575,150528,60786,91664
2013,Texas,1586425,17401,44882,315873,131643,151098,16554,38692,398495,185022,286765
2013,Utah,123324,870,5330,23596,10252,11026,1957,4048,31157,14149,20939
2013,Vermont,40463,427,877,8016,3711,3933,814,1004,9581,3516,8584
2013,Virginia,468281,3711,9534,92189,37957,44910,3250,11330,119035,51430,94935
2013,Washington,435634,3034,12180,91003,35814,41257,3607,12038,103917,49373,83411
2013,West Virginia,211892,1940,5634,50214,18665,18107,1352,4139,57006,23104,31731
2013,Wisconsin,332654,1927,8506,63489,23959,37602,3280,9568,79756,33079,71488
2013,Wyoming,31879,1017,425,6385,2271,3055,266,1516,7934,2874,6136
2014,Alabama,447219,3697,9696,92274,38946,37609,3935,11366,122043,50416,77237
2014,Alaska,37979,319,884,7822,3707,2725,611,1486,10712,4285,5428
2014,Arizona,446005,5472,11301,81424,40104,50120,2295,9152,106672,53476,85989
2014,Arkansas,280843,1844,6769,55019,25007,23731,2937,7868,80422,30572,46674
2014,California,2123026,20292,57325,376053,169808,242709,18034,54676,462573,245686,475870
2014,Colorado,264619,2116,9069,51829,19198,26637,3143,7856,62726,31142,50903
2014,Connecticut,196003,1890,4943,31216,15128,22787,918,4370,45967,22129,46655
2014,Delaware,59466,662,1606,10930,5669,6587,611,1323,15142,6572,10364
2014,Florida,1429790,8878,29984,258417,121189,180887,8107,25953,299304,169281,327790
2014,Georgia,671151,5098,15314,141929,56954,53065,5063,17076,185967,79695,110990
2014,Hawaii,83797,531,2200,14239,7534,11289,687,1581,13413,8572,23751
2014,Idaho,95125,1154,2506,18308,9996,11155,1007,2539,20792,10451,17217
2014,Illinois,758186,6549,15086,134828,63125,80642,5164,16084,176651,93654,166403
2014,Indiana,473975,5011,10154,97915,36399,43191,3986,13983,125301,53267,84768
2014,Iowa,165158,1594,3812,30261,13781,19769,1074,3127,37756,17879,36105
2014,Kansas,185385,1507,5600,35924,15613,17957,1528,5630,45949,19532,36145
2014,Kentucky,431706,2934,10064,103024,37823,33420,1766,9452,124207,45959,63057
2014,Louisiana,367857,3484,8035,78533,28753,29748,2719,9066,100102,46653,60764
2014,Maine,100989,958,1374,23894,8515,9817,339,2284,25526,9206,19076
2014,Maryland,327001,2946,5883,59809,23187,34268,2482,9593,80324,39211,69298
2014,Massachusetts,377753,3020,9299,70104,25362,42832,2124,9165,88517,41085,86245
2014,Michigan,744666,6474,17205,160460,56549,68113,4509,18998,198223,80164,133971
2014,Minnesota,260161,2872,7893,47542,21815,30414,2081,6938,57079,25245,58282
2014,Mississippi,284096,2168,7364,58977,26155,23200,2318,6205,79210,31272,47227
2014,Missouri,459320,4162,10992,102831,37144,42206,3250,13043,120288,48774,76630
2014,Montana,66395,814,1893,12192,7149,6715,472,1966,16948,5756,12490
2014,Nebraska,101356,1370,2955,16897,8843,12319,1077,2121,26342,10992,18440
2014,Nevada,201707,1493,4659,40217,21161,18415,1457,5875,51746,26192,30492
2014,New Hampshire,75897,894,1264,13462,7836,8817,317,1450,18795,7622,15440
2014,New Jersey,496649,4593,9816,82631,38487,58429,3561,9072,105447,62809,121804
2014,New Mexico,160302,1322,4996,30562,14340,17145,629,4560,39516,18338,28894
2014,New York,1237290,10795,29573,209891,93446,133236,10403,30588,290324,147077,281957
2014,North Carolina,742242,5089,20271,157205,63708,61012,6677,17234,194407,86499,130140
2014,North Dakota,36795,488,1564,6518,2996,4470,68,921,8091,2893,8786
2014,Ohio,822674,7388,16503,164165,65107,78040,6426,21167,217625,94273,151980
2014,Oklahoma,332418,2902,9619,68270,27907,30716,3057,11907,84511,37854,55675
2014,Oregon,293250,1932,8836,58646,24911,30391,1609,7937,71609,32511,54868
2014,Pennsylvania,870908,6510,21700,171300,66058,91268,6914,22236,201490,94865,188567
2014,Rhode Island,76408,695,2624,12594,5986,7285,777,2476,19662,7526,16783
2014,South Carolina,390434,3435,10076,81790,36868,30883,1712,9274,104448,46489,65459
2014,South Dakota,47640,625,819,8529,5180,5500,418,1320,9320,4670,11259
2014,Tennessee,566259,3553,15086,126653,46294,45846,3450,14889,154529,66477,89482
2014,Texas,1610838,16390,41722,316920,142326,153812,15249,43527,399236,198959,282697
2014,Utah,126385,3465,3787,24250,9251,13285,1955,4330,29961,12667,23434
2014,Vermont,43972,250,1345,7511,4076,5062,366,2006,10679,4527,8150
2014,Virginia,496152,5486,9946,103148,40737,49639,3189,12186,117311,59134,95376
2014,Washington,437990,3312,11150,85180,37889,42848,2456,12112,106641,53026,83376
2014,West Virginia,208320,1553,4450,49544,19256,16760,1059,5926,54870,23872,31030
2014,Wisconsin,329592,3452,8229,64433,25069,36862,2958,9242,80888,30523,67936
2014,Wyoming,33893,396,1449,7756,3110,3415,295,676,8151,3683,4962
2015,Alabama,454696,3557,11174,96438,41029,34570,2943,9965,123862,56358,74800
2015,Alaska,38595,279,1535,8204,3666,3629,331,2125,8781,5338,4707
2015,Arizona,446552,3572,10031,84803,41004,52485,3337,9514,100832,54129,86845
2015,Arkansas,280601,1684,6223,57718,25380,24610,1643,6137,76486,32373,48347
2015,California,2160427,20604,63873,392458,177731,253824,16802,48948,457387,249979,478821
2015,Colorado,261113,3342,7844,50373,20848,27521,1748,6603,59973,31916,50945
2015,Connecticut,193439,2209,4667,33927,12714,23800,1369,3856,42612,22125,46160
2015,Delaware,60194,450,1806,10294,6823,6911,578,1892,12857,7154,11429
2015,Florida,1452698,9227,27631,250728,127889,193825,8663,28373,301572,171412,333378
2015,Georgia,648821,5046,13071,134428,57949,55460,5859,15530,174139,78739,108600
2015,Hawaii,77779,66,1674,13650,5508,11292,114,2117,12660,9150,21548
2015,Idaho,104601,387,3709,21074,9158,12597,1349,3004,21559,12759,19005
2015,Illinois,738318,6167,15782,133212,65186,77544,5394,15818,171166,89720,158329
2015,Indiana,476591,4328,12017,98609,37588,40405,3326,14469,123419,58842,83588
2015,Iowa,175905,1542,5374,30503,14544,20170,1773,2587,42721,18150,38541
2015,Kansas,183153,1992,3951,38335,14244,19421,1752,4840,44064,21021,33533
2015,Kentucky,416155,3637,7857,101551,37818,30668,2125,9139,116630,44846,61884
2015,Louisiana,364217,3258,8781,74958,33773,29177,3053,10554,92404,46097,62162
2015,Maine,99237,921,2517,21547,7188,10740,553,1175,26080,10296,18220
2015,Maryland,336204,3317,7340,61099,27198,34664,2468,7107,84945,37491,70575
2015,Massachusetts,385670,3310,8637,69315,29038,41617,2022,8517,90920,44642,87652
2015,Michigan,730082,5169,17207,155383,56244,66963,4555,18978,189460,82816,133307
2015,Minnesota,265784,2072,6231,49506,21400,31781,1574,6416,58656,30948,57200
2015,Mississippi,278899,2238,6963,59121,24337,21000,2324,6507,74355,36826,45228
2015,Missouri,456452,4080,10161,94963,40360,42607,2889,11737,120037,48512,81106
2015,Montana,69428,449,1822,14922,7706,7497,658,2343,14248,7378,12405
2015,Nebraska,101018,946,2611,17143,8055,12086,980,2716,22671,11738,22072
2015,Nevada,210212,3754,6593,43305,21633,20018,3412,7558,48865,22887,32187
2015,New Hampshire,80577,1348,1474,15742,6613,9021,156,3159,19321,9284,14459
2015,New Jersey,492435,3789,12540,79407,42442,56832,3237,9569,101274,60338,123007
2015,New Mexico,168658,1344,4372,32082,16930,19150,2200,4996,38247,20608,28729
2015,New York,1231815,11892,28202,212835,96105,132263,7300,29636,287977,150041,275564
2015,North Carolina,737221,7295,15199,149925,62664,66192,5034,20574,191782,90460,128096
2015,North Dakota,36434,67,368,6811,3260,4529,48,668,7666,4445,8572
2015,Ohio,816989,6619,17339,163788,63527,78303,5393,19503,219727,89726,153064
2015,Oklahoma,322083,3258,8159,65680,29351,29491,3000,9448,83807,38029,51860
2015,Oregon,291625,2508,5948,54574,28177,29891,1473,8155,70815,35728,54356
2015,Pennsylvania,886643,7623,16735,165884,69227,92682,6967,23102,214608,99366,190449
2015,Rhode Island,70541,580,779,13628,5182,7638,393,2583,17072,8408,14278
2015,South Carolina,397470,3374,8925,83199,37775,35750,2111,8518,104107,47059,66652
2015,South Dakota,44728,212,867,8122,3794,5209,421,922,9994,4793,10394
2015,Tennessee,558320,4142,13376,122920,46384,47720,4841,13470,148819,64607,92041
2015,Texas,1624753,16209,48313,312025,142544,155689,15156,43857,395872,202758,292330
2015,Utah,128069,1690,3985,21511,9041,14852,1357,4509,30870,14645,25609
2015,Vermont,39067,540,1346,7792,3112,4048,235,694,8764,4209,8327
2015,Virginia,484288,4155,11417,93167,39700,48506,4180,10958,121185,54897,96123
2015,Washington,441737,4009,11955,86606,39301,46267,2727,12424,105268,54257,78923
2015,West Virginia,197389,1414,3430,46256,21093,19071,1134,3201,48569,24042,29179
2015,Wisconsin,327768,2277,8218,64297,24600,35829,1802,7883,83480,34205,65177
2015,Wyoming,32779,562,641,6337,2665,3222,215,791,8136,3881,6329
2016,Alabama,446188,5135,9911,94299,37783,39409,2597,10283,112422,57933,76416
2016,Alaska,38663,326,1471,7998,3755,2448,513,1326,9807,5001,6018
2016,Arizona,466891,4340,13673,87486,45058,51966,2838,11793,102958,56686,90093
2016,Arkansas,269843,2352,6345,56764,22553,25986,1940,6040,73616,31839,42408
2016,California,2211835,21012,56883,376949,187034,264054,18135,50218,465803,269279,502468
2016,Colorado,271635,2174,8423,54729,22457,30050,1736,9206,64208,30257,48395
2016,Connecticut,197947,1729,3732,35425,15964,23007,955,3952,41076,22022,50085
2016,Delaware,63698,87,2209,11461,5708,5870,635,891,15274,9584,11979
2016,Florida,1486403,8963,32884,256497,127677,201547,8334,29980,308658,178880,332983
2016,Georgia,699843,6826,17905,141897,63739,55874,6532,18696,184757,89049,114568
2016,Hawaii,85354,364,1637,13950,8056,12489,129,2259,13821,9965,22684
2016,Idaho,102077,984,3545,17483,10625,13046,1098,3334,23395,10017,18550
2016,Illinois,749315,5722,14945,134043,66091,80646,5374,12171,177465,90797,162061
2016,Indiana,472405,4328,9950,96965,41967,43484,3016,10313,123262,54924,84196
2016,Iowa,172465,1662,3719,30250,16184,19788,1822,3437,38426,19056,38121
2016,Kansas,179853,1559,4359,34070,14866,19579,1006,4057,45455,21733,33169
2016,Kentucky,427512,3565,9178,97381,37049,34844,2227,10819,118949,49397,64103
2016,Louisiana,368213,3211,10996,73335,32805,30606,3094,8400,97915,47466,60385
2016,Maine,95822,282,2170,19502,8050,10335,414,2325,25001,9503,18240
2016,Maryland,343366,2441,8124,62696,27289,32055,2659,7334,86182,43407,71179
2016,Massachusetts,373778,2820,8858,63214,30598,42975,3583,9901,83863,42378,85588
2016,Michigan,730974,5742,18761,154577,56522,68970,5418,19940,189070,80428,131546
2016,Minnesota,266438,1995,6537,48446,21672,31485,2421,5747,62418,28183,57534
2016,Mississippi,267388,1957,5854,53946,22538,21094,1143,6426,73115,35377,45938
2016,Missouri,462633,2793,9913,96061,40243,44214,3002,11397,122271,51938,80801
2016,Montana,69005,532,1627,14551,8302,8451,753,1548,14431,7694,11116
2016,Nebraska,104240,1557,2546,19920,9479,11960,859,2308,20909,11427,23275
2016,Nevada,207080,4008,8033,40426,20864,20360,2149,8070,47427,24597,31146
2016,New Hampshire,77903,879,1086,17166,6879,8453,450,1939,18556,9681,12814
2016,New Jersey,501030,4813,9272,84847,40392,57819,2875,9172,107754,61615,122471
2016,New Mexico,166009,1773,3607,28477,14678,18922,977,4319,41607,20300,31349
2016,New York,1223338,10001,25436,208316,90282,137278,10702,31211,281656,151316,277140
2016,North Carolina,719269,6061,18085,142695,65783,63332,4448,17621,187976,87040,126228
2016,North Dakota,37974,55,811,8313,3540,5197,282,1244,6688,4158,7686
2016,Ohio,839070,7581,18970,169542,69148,79110,5457,20450,212684,99387,156741
2016,Oklahoma,331702,2133,9053,66824,30664,31688,2287,9266,85712,38608,55467
2016,Oregon,284610,1592,7036,50466,26622,28939,1588,8061,65940,36195,58171
2016,Pennsylvania,913484,7611,19143,184250,75636,92206,4538,22322,217215,107829,182734
2016,Rhode Island,72773,408,2393,15205,4766,7088,392,1522,19111,8724,13164
2016,South Carolina,396357,3046,9671,81824,35610,34891,2386,7189,102059,52317,67364
2016,South Dakota,47168,372,1997,7705,5085,4590,262,1130,11143,5437,9447
2016,Tennessee,549536,4073,13952,116773,46748,45325,3602,12395,145706,65295,95667
2016,Texas,1664160,18356,49762,305405,151707,167312,15678,45920,392123,217889,300008
2016,Utah,128248,1913,4353,22907,10928,13000,1460,4605,29620,14779,24683
2016,Vermont,41093,155,1119,7342,4969,4195,410,958,10719,4254,6972
2016,Virginia,492478,4766,11687,92403,42344,50729,3752,12534,120305,58235,95723
2016,Washington,460548,3367,15092,84942,37105,52201,3290,12706,107485,54141,90219
2016,West Virginia,204272,1459,6080,48420,19116,19139,1071,3826,49049,25127,30985
2016,Wisconsin,326975,2992,6779,60807,28246,38210,1708,6427,76538,37801,67467
2016,Wyoming,36904,476,1162,7142,3775,3503,297,459,8011,5224,6855
2017,Alabama,456152,3420,14480,94811,44660,38471,2013,11415,109708,59063,78111
2017,Alaska,40843,195,1618,8813,2987,3850,335,1508,11122,5360,5055
2017,Arizona,453780,2996,12786,81215,42578,55968,2772,10189,99297,56767,89212
2017,Arkansas,282359,1636,7175,58889,25763,25757,2041,6672,73770,35229,45427
2017,California,2144950,21748,57626,359152,185702,258901,16156,55706,432769,274484,482706
2017,Colorado,277815,2778,7649,50699,26535,28276,2785,9143,63144,33957,52849
2017,Connecticut,192688,1613,4844,31004,16184,23535,1394,4122,40802,24023,45167
2017,Delaware,56105,262,911,9157,4699,5929,557,1248,14091,6811,12440
2017,Florida,1511269,12011,34090,263845,141399,198225,9448,25811,304756,178663,343021
2017,Georgia,661964,3325,14771,131768,59474,57971,5454,14892,165126,87533,121650
2017,Hawaii,75850,218,2253,10119,8023,11961,830,1203,11068,8762,21413
2017,Idaho,108275,1248,3193,23769,10308,14374,1211,2641,23137,10385,18009
2017,Illinois,743342,5682,18848,132253,69827,83858,3268,13212,163840,92271,160283
2017,Indiana,463687,6387,11709,94411,36070,45176,4800,10168,116643,57628,80695
2017,Iowa,164205,1237,2737,30803,13729,19971,1265,3682,37298,17888,35595
2017,Kansas,187476,1821,4287,34740,14637,19674,923,5411,46321,23606,36056
2017,Kentucky,417846,3724,11375,94290,38646,33857,3057,9378,116219,45304,61996
2017,Louisiana,346217,2639,8169,71863,29914,30530,3146,9762,83636,48155,58403
2017,Maine,103564,792,1828,21673,10942,10432,502,2784,22689,11398,20524
2017,Maryland,338530,2122,7304,59061,26215,36842,2095,7178,83232,41614,72867
2017,Massachusetts,375645,2829,8557,63494,34335,43601,2196,8573,79156,44493,88411
2017,Michigan,721416,5306,17451,143082,64386,69481,5719,19263,180401,81852,134475
2017,Minnesota,266420,2289,7437,47500,24897,32303,2365,5365,57410,28348,58506
2017,Mississippi,276977,989,7190,63651,25419,23429,1285,5638,67658,36367,45351
2017,Missouri,466153,2926,11262,90677,42178,47441,4297,11020,115744,57679,82929
2017,Montana,64567,665,1666,13310,7006,8224,374,1069,13033,8518,10702
2017,Nebraska,106857,680,2764,18057,11809,11975,1157,1917,26123,12662,19713
2017,Nevada,184461,1093,4984,33476,20847,19507,499,4103,45581,22137,32234
2017,New Hampshire,78961,592,1343,14060,9074,9494,251,1864,16283,10745,15255
2017,New Jersey,488741,3975,9272,83738,39578,58727,2711,9375,99734,61701,119930
2017,New Mexico,162218,1563,5294,32083,13830,18951,911,3170,38972,19562,27882
2017,New York,1223910,10609,27817,205109,94865,141702,9974,25087,269952,157402,281393
2017,North Carolina,717537,5967,18377,145461,64390,68422,4321,15719,172926,89937,132017
2017,North Dakota,35221,97,591,7795,3511,4235,260,1244,7640,3471,6377
2017,Ohio,812109,7181,17842,161951,66643,79582,5235,17707,200211,97715,158042
2017,Oklahoma,341745,2677,8453,71005,32905,31544,2184,10633,85044,40649,56651
2017,Oregon,277265,1912,5770,51634,29227,31098,1597,7054,60792,35084,53097
2017,Pennsylvania,896123,6961,18430,161699,76003,97747,6182,21312,211125,106194,190470
2017,Rhode Island,66102,1097,778,9676,5598,5789,565,2237,19592,7269,13501
2017,South Carolina,391594,4354,8181,83660,38343,38039,1250,7137,99588,45214,65828
2017,South Dakota,41465,367,867,8413,4188,5285,357,1186,8005,4634,8163
2017,Tennessee,541397,2958,9946,107989,48903,50699,4030,11752,139949,69925,95246
2017,Texas,1635737,17630,50681,306943,154828,162472,15126,40755,381468,211283,294551
2017,Utah,123216,2008,3764,21992,10076,15713,1366,3734,27750,14065,22748
2017,Vermont,38496,649,826,8461,2701,4356,92,600,8216,4582,8013
2017,Virginia,487933,5574,11049,89205,45483,50161,2359,11583,117350,59136,96033
2017,Washington,447098,3342,10904,81954,39610,48537,3935,10665,103405,57494,87252
2017,West Virginia,195876,1123,2931,42760,21726,17903,1250,3290,49134,24139,31620
2017,Wisconsin,326424,2021,7124,57626,31362,36738,2088,8737,75907,37144,67677
2017,Wyoming,36656,51,712,8293,3101,4679,130,782,8292,5039,5577
2018,Alabama,434382,2633,11026,87966,37778,40008,1293,8499,116310,54029,74840
2018,Alaska,38845,127,998,9263,4261,4225,109,1151,8474,4759,5478
2018,Arizona,465431,4293,10813,81081,47969,56595,3383,10733,105766,55545,89253
2018,Arkansas,285534,2015,6389,58279,28302,30337,1010,5819,73210,35189,44984
2018,California,2087716,19870,47531,333472,180727,263373,15884,46735,412897,271541,495686
2018,Colorado,275040,2502,8529,47984,25032,31033,2347,7720,65184,32083,52626
2018,Connecticut,192399,1707,5589,31454,17922,22790,1485,3556,40687,20354,46855
2018,Delaware,63838,352,1453,11614,6087,6910,519,813,15985,8316,11789
2018,Florida,1512895,11923,30145,248461,135116,213744,9312,24969,294394,184899,359932
2018,Georgia,641382,8094,17778,124427,58650,60164,4974,16051,160206,83724,107314
2018,Hawaii,75650,127,1075,12672,7637,11602,434,1791,11671,8322,20319
2018,Idaho,102166,397,3644,20084,9150,11837,556,2641,22840,11167,19850
2018,Illinois,724514,4190,16373,121891,66790,78029,6010,16068,163416,90858,160889
2018,Indiana,461763,3759,9421,90088,40249,45564,4240,11450,118296,53440,85256
2018,Iowa,167220,1515,3259,29906,14159,19595,1573,2592,37424,20235,36962
2018,Kansas,188883,2241,3606,33201,18484,24666,1372,3965,46462,20792,34094
2018,Kentucky,405756,3733,7831,88612,38133,34042,2508,8131,111294,49198,62274
2018,Louisiana,352588,3880,9325,74732,33430,31039,1672,7319,83094,46616,61481
2018,Maine,95624,294,2084,20869,9097,9917,356,2045,18493,12741,19728
2018,Maryland,330519,1902,7308,56547,29727,35975,2739,7454,78122,41370,69375
2018,Massachusetts,378037,5105,7633,61965,31388,42993,3266,8168,82427,45654,89438
2018,Michigan,712328,6759,14949,137052,66718,69112,5073,15552,178810,86749,131554
2018,Minnesota,268223,3173,5344,46498,23268,35812,2305,5531,54642,32409,59241
2018,Mississippi,266996,1143,6414,55068,23436,21982,1055,5390,73552,32722,46234
2018,Missouri,457177,3465,10890,86078,44152,45594,3345,11995,110430,59562,81666
2018,Montana,63792,945,786,11749,6932,7092,961,1543,14381,7916,11487
2018,Nebraska,104888,1479,2245,18651,8977,12468,786,2230,20969,12760,24323
2018,Nevada,193204,1404,5146,35768,22025,22986,1176,4084,43303,23842,33470
2018,New Hampshire,76837,170,1486,15321,7419,8716,330,1426,18917,8841,14211
2018,New Jersey,482186,3733,9273,76317,38989,57202,2376,8199,99673,65136,121288
2018,New Mexico,166822,2167,4102,29767,16557,20360,584,2950,38470,21924,29941
2018,New York,1194037,12367,26454,189237,99507,134017,8402,30220,272796,142233,278804
2018,North Carolina,699127,5691,14887,136827,66213,69249,3880,15030,173619,86683,127048
2018,North Dakota,36696,207,873,5861,2975,6780,43,786,6019,4380,8772
2018,Ohio,810857,7144,17064,151496,72894,83064,5074,17696,203561,94916,157948
2018,Oklahoma,337091,2470,9678,64644,36462,33316,1996,8190,81392,41919,57024
2018,Oregon,273245,2195,8747,46692,26912,31195,2570,8105,59263,36728,50838
2018,Pennsylvania,877987,7149,18367,151301,77571,97636,6146,20716,206156,105128,187817
2018,Rhode Island,69378,506,2195,12366,6438,7850,304,1810,16770,7686,13453
2018,South Carolina,377581,2244,8016,76030,38153,35160,928,8228,93354,47719,67749
2018,South Dakota,49039,166,961,10099,5144,5033,320,820,10913,5762,9821
2018,Tennessee,549350,3923,11996,109807,47593,48563,4471,12656,146851,67871,95619
2018,Texas,1622028,19178,45575,297821,148065,169814,14484,40750,367068,211651,307622
2018,Utah,129024,1786,3916,23302,11404,13643,1989,4386,30468,13074,25056
2018,Vermont,39779,358,1306,8147,4021,3894,306,1026,8344,5026,7351
2018,Virginia,501572,4041,11721,88624,46881,57721,3555,11967,112122,63353,101587
2018,Washington,447868,3752,9940,87488,44027,50178,3255,10636,97034,55527,86031
2018,West Virginia,186383,1493,3614,39858,19332,19092,1410,3637,44511,22901,30535
2018,Wisconsin,310325,2576,5008,53892,30139,38215,2093,6116,73242,37367,61677
2018,Wyoming,30749,208,808,4789,3587,3305,438,782,7379,4317,5136
2019,Alabama,421440,2637,7178,77994,42992,38763,1912,9087,108832,54377,77668
2019,Alaska,37072,377,851,7627,4674,3314,406,1653,8636,4766,4768
2019,Arizona,471418,4553,13629,81326,46671,61890,3637,11128,95949,59098,93537
2019,Arkansas,280097,1076,5688,59158,26401,27053,1998,5439,69830,36185,47269
2019,California,2110747,19150,50990,333209,192731,263998,18303,44272,404503,271413,512178
2019,Colorado,263972,3177,6469,46606,25770,32675,2084,6022,57058,32131,51980
2019,Connecticut,201666,1355,3901,33749,18789,24308,611,5233,41441,23453,48826
2019,Delaware,65987,291,1895,10022,6963,7772,131,1804,14545,9826,12738
2019,Florida,1542063,10585,29657,247563,139387,208744,8666,31963,302099,190795,372604
2019,Georgia,686209,6065,20323,130629,66919,58579,6126,19757,164238,91817,121756
2019,Hawaii,82340,772,2016,12559,7180,13013,363,1557,12341,11818,20721
2019,Idaho,108850,1534,3436,21953,10904,13135,1035,3545,22977,11240,19091
2019,Illinois,743849,5224,14958,132416,70136,82458,6661,14592,160290,97844,159270
2019,Indiana,455401,3482,10526,84681,41267,44922,3808,10161,114697,55099,86758
2019,Iowa,168032,1203,3117,28801,15814,21493,603,5031,34628,18445,38897
2019,Kansas,182857,2231,5398,29152,16520,20109,1799,4419,45112,21387,36730
2019,Kentucky,411219,2600,8729,88778,38661,35640,3405,11316,109124,53013,59953
2019,Louisiana,357700,2202,8635,70049,37140,36447,2947,9336,81983,48149,60812
2019,Maine,96764,619,2277,17440,10105,11237,389,3795,20410,12152,18340
2019,Maryland,340029,2676,7504,54385,29525,36930,4013,5996,75390,49554,74056
2019,Massachusetts,372584,3049,6361,58314,34487,46660,1701,8144,79178,48872,85818
2019,Michigan,699926,4999,14951,134189,64291,73418,3326,16900,170516,86173,131163
2019,Minnesota,258358,2474,7143,44074,24816,33879,2279,6217,48837,31579,57060
2019,Mississippi,273970,2686,5233,55580,25101,24036,2374,5811,67435,34638,51076
2019,Missouri,461490,5897,10433,88259,43845,48218,2956,9626,114458,57923,79875
2019,Montana,67993,1158,1531,11459,8235,7843,611,1196,14692,9374,11894
2019,Nebraska,106249,2121,1950,19473,9314,12504,1142,1802,24529,12093,21321
2019,Nevada,198482,1457,3967,34985,22136,25228,3030,2675,42292,27946,34766
2019,New Hampshire,79919,444,1569,12291,8277,11486,326,1846,16681,10220,16779
2019,New Jersey,469489,5620,6757,68541,44516,59404,4427,8357,94950,57044,119873
2019,New Mexico,169681,1223,6263,32995,16218,19449,1486,3826,37741,20519,29961
2019,New York,1228641,9066,27575,197899,104587,142449,8731,34846,259979,153108,290401
2019,North Carolina,729524,5016,12979,134592,69673,77277,4631,15165,178206,92536,139449
2019,North Dakota,37413,156,976,5544,3976,3279,376,548,8302,6282,7974
2019,Ohio,805293,7703,16880,149960,70617,82888,4520,16867,194372,101644,159842
2019,Oklahoma,321831,2771,6377,61419,32859,33858,2686,6593,77507,40861,56900
2019,Oregon,284853,2623,7832,49467,28899,33176,1569,6687,58061,36202,60337
2019,Pennsylvania,876937,7982,15390,160077,76443,98511,7069,19085,194328,108907,189145
2019,Rhode Island,64755,408,1131,11136,5702,7166,414,1630,15819,8109,13240
2019,South Carolina,371369,1893,8073,66574,36701,38875,1977,9570,91230,49607,66869
2019,South Dakota,51197,146,909,8949,5838,7157,310,1010,10333,6850,9695
2019,Tennessee,541944,2263,9807,107256,52145,52442,4516,12118,134578,68302,98517
2019,Texas,1633397,16065,43559,293341,154694,174347,13525,42549,363662,216830,314825
2019,Utah,121838,1177,3442,19618,10616,15986,1801,4701,25259,13846,25392
2019,Vermont,41274,297,1124,7620,4576,4476,190,1367,9513,3467,8644
2019,Virginia,501211,5032,10159,88008,44160,55977,3475,11011,108921,69069,105399
2019,Washington,452457,3654,11561,78091,43301,53904,3760,11929,100429,57338,88490
2019,West Virginia,195547,1650,2833,46183,22237,18821,1717,3865,42231,24194,31816
2019,Wisconsin,323649,2281,7467,54665,30557,39141,1942,8181,71777,40732,66906
2019,Wyoming,33334,118,1069,7930,3033,3371,61,726,7141,4160,5725
