year,state,total,predominant,utility_gas,electricity,fuel_oil_kerosene,bottled_tank_lp_gas,wood,solar_energy,coal_coke,other,none
2019,California,13157873,utility gas,8469893,3497610,30373,426530,181624,108619,1717,39209,402298
2017,California,13005097,utility gas,8370720,3452150,32051,420817,197217,80261,1464,40946,409471
2018,California,13072122,utility gas,8342368,3496270,33503,426163,182905,95807,1595,43762,449749
2005,California,12097894,utility gas,8341302,2768337,48008,415918,217623,8634,1434,39005,257633
2006,California,12151227,utility gas,8337928,2723897,48947,427152,219668,7405,990,43541,341699
2007,California,12200672,utility gas,8293562,2872138,41530,399800,211660,6790,544,38585,336063
2010,California,12406475,utility gas,8289619,3042396,35932,393137,218319,12423,824,43325,370500
2016,California,12944178,utility gas,8286377,3461462,29687,411060,201493,66105,1138,45885,440971
2011,California,12468743,utility gas,8259792,3180216,35746,381065,216924,12405,1116,41419,340060
2015,California,12896357,utility gas,8252070,3427206,30962,399275,218185,43884,1567,42740,480468
2008,California,12176760,utility gas,8250001,2869006,35226,382257,211023,7719,1087,42358,378083
2014,California,12758648,utility gas,8249834,3323498,30061,406961,221127,29734,1597,45421,450415
2012,California,12552658,utility gas,8230125,3298902,34136,376616,215614,11821,1055,43454,340935
2013,California,12650592,utility gas,8149303,3379399,33220,414887,204825,22534,1593,46996,397835
2009,California,12214891,utility gas,8148678,3008533,39392,397820,219809,7525,451,37575,355108
2019,Florida,7905832,electricity,368160,7284195,9295,65262,11985,14702,712,3804,147717
2018,Florida,7809358,electricity,365966,7210000,11959,63395,10182,7099,402,4502,135853
2017,Florida,7689964,electricity,351403,7100222,10763,62817,10638,6965,817,4716,141623
2016,Florida,7573456,electricity,342799,6995113,8892,67492,11639,3315,617,3719,139870
2015,Florida,7463184,electricity,325205,6900036,10710,71936,12848,3522,930,2784,135213
2014,Florida,7328046,electricity,324973,6769006,12061,72578,13747,2030,452,3576,129623
2012,Florida,7197943,electricity,317127,6666798,16347,79261,13215,1321,257,2869,100748
2013,Florida,7211584,electricity,318727,6648779,13461,74420,14787,2486,523,3858,134543
2011,Florida,7106283,electricity,312612,6587042,16716,80366,17014,1287,203,2201,88842
2010,Florida,7035068,electricity,324544,6492160,19536,87923,13035,1628,314,3257,92671
2008,Florida,7057285,electricity,319945,6484079,21536,99110,13815,2232,307,3934,112327
2007,Florida,7088960,electricity,344016,6458841,28196,120477,12158,1226,186,3634,120226
2006,Florida,7106042,electricity,351698,6456457,31127,132487,14676,1787,403,3798,113609
2009,Florida,6987647,electricity,319252,6429648,20943,92744,15780,1925,170,2549,104636
2005,Florida,7048800,electricity,366742,6352266,39110,160769,14669,1962,312,5232,107738
2019,Texas,9985126,electricity,3499082,6101773,6632,283573,28184,11312,1333,9955,43282
2018,Texas,9776083,electricity,3472727,5927999,8778,276111,27474,7922,1349,13405,40318
2017,Texas,9623874,electricity,3422516,5824591,9195,281245,28835,5484,642,12979,38387
2016,Texas,9535612,electricity,3407001,5754927,8943,273637,32735,4028,1272,14285,38784
2015,Texas,9421412,electricity,3390924,5637227,9351,293458,35322,2021,620,12897,39592
2014,Texas,9277197,electricity,3418610,5460578,10582,293663,34848,1799,1089,15797,40231
2013,Texas,9110853,electricity,3320609,5387263,9731,293618,39408,1829,193,13553,44649
2012,Texas,8970959,electricity,3323361,5240726,11720,303869,39054,978,368,12505,38378
2011,Texas,8850370,electricity,3298684,5144371,10754,306275,37767,1900,971,15650,33998
2010,Texas,8738664,electricity,3315579,4989013,10062,326201,41677,332,311,17206,38283
2009,Texas,8527938,electricity,3301943,4812358,9092,313020,37605,1090,218,16297,36315
2008,Texas,8422249,electricity,3344430,4652006,11908,329090,37268,775,170,12300,34302
2019,New York,7446812,utility gas,4519999,911445,1393560,319576,114011,8697,16959,79096,83469
2007,Texas,8244022,electricity,3311516,4501714,12877,336862,34515,699,217,9962,35660
2018,New York,7367015,utility gas,4397917,890554,1459976,308020,120159,6022,16943,82621,84803
2006,Texas,8109388,electricity,3262428,4385501,10890,360933,37926,1090,632,14318,35670
2017,New York,7304332,utility gas,4339349,867925,1496843,294973,122088,5988,17881,77386,81899
2005,Texas,7978095,electricity,3233765,4270507,9994,370607,36156,1280,314,21414,34058
2016,New York,7209054,utility gas,4227422,860856,1540787,273838,126890,6535,19268,79479,73979
2015,New York,7233694,utility gas,4202413,808370,1649860,265224,141016,3120,18107,78999,66585
2014,New York,7282398,utility gas,4186666,770577,1752656,258775,145012,2573,17720,76963,71456
2013,New York,7219356,utility gas,4074510,764400,1802442,259367,148422,2525,18997,81841,66852
2012,New York,7238922,utility gas,4044389,775390,1901118,237738,155603,2168,18990,61429,42097
2011,New York,7187938,utility gas,4014222,707016,1979067,222634,143287,2728,17807,63609,37568
2010,New York,7196427,utility gas,3961085,676262,2068004,227607,143242,1823,19949,61664,36791
2009,New York,7187555,utility gas,3914867,615279,2165896,223115,140672,1240,21333,60939,44214
2008,Illinois,4766252,utility gas,3877323,624319,12346,198375,21642,933,1201,16657,13456
2007,Illinois,4759579,utility gas,3859748,623245,16578,206661,19394,446,744,19178,13585
2006,Illinois,4724252,utility gas,3848316,591279,19598,210130,21011,548,659,19727,12984
2009,Illinois,4757452,utility gas,3825613,657962,13789,200303,24614,512,418,19419,14822
2010,Illinois,4752857,utility gas,3817215,663759,10714,201279,22983,843,602,19224,16238
2012,Illinois,4770194,utility gas,3807461,699492,9842,189025,23615,559,751,20728,18721
2005,Illinois,4691020,utility gas,3805375,590388,21457,212751,20285,922,675,23275,15892
2008,New York,7137482,utility gas,3777474,617232,2281188,214517,123556,1330,16146,62464,43575
2011,Illinois,4737208,utility gas,3775580,691344,11401,192536,24902,485,910,22770,17280
2014,Illinois,4772421,utility gas,3765279,725859,7180,198181,22827,812,631,20233,31419
2015,Illinois,4794523,utility gas,3764432,749605,7685,191916,22839,844,884,25289,31029
2013,Illinois,4783421,utility gas,3757212,734516,8689,204784,25245,1112,710,23835,27318
2019,Illinois,4866006,utility gas,3750774,828297,7096,205926,19263,1291,1009,22707,29643
2018,Illinois,4864864,utility gas,3738735,841843,5481,201831,19248,1037,1064,24479,31146
2016,Illinois,4822046,utility gas,3737533,796090,6534,198339,22615,893,851,25076,34115
2017,Illinois,4808672,utility gas,3728718,801287,7702,195290,19892,1094,824,24548,29317
2007,New York,7099940,utility gas,3691906,624379,2347031,218890,111492,1274,14797,59529,30642
2005,New York,7114431,utility gas,3677056,602975,2429348,219284,91573,1433,11864,49604,31294
2006,New York,7088376,utility gas,3667109,619590,2373350,224172,106043,1379,14689,51177,30867
2006,Ohio,4499506,utility gas,3083673,861296,170489,265591,71711,387,4225,32574,9560
2009,Ohio,4526404,utility gas,3081136,924237,139136,251341,86898,951,2804,28016,11885
2007,Ohio,4505995,utility gas,3079544,890364,156197,258511,75035,882,3789,31497,10176
2010,Ohio,4525066,utility gas,3078580,927014,130937,245719,93479,802,4342,29949,14244
2008,Ohio,4508871,utility gas,3077329,908296,143539,253537,79546,732,4398,29144,12350
2019,Ohio,4730340,utility gas,3075761,1167397,96389,253741,75416,942,3007,38014,19673
2005,Ohio,4507821,utility gas,3070843,865476,174565,284945,59285,683,4719,34620,12685
2018,Ohio,4685447,utility gas,3067626,1137973,93915,244785,78335,796,3439,38880,19698
2014,Ohio,4593172,utility gas,3058773,1047130,109342,228782,89144,1062,2605,34393,21941
2017,Ohio,4667192,utility gas,3055871,1123993,96574,240591,85300,898,3832,39092,21041
2011,Ohio,4538555,utility gas,3047262,988313,127981,239213,89761,1080,2750,28917,13278
2015,Ohio,4606655,utility gas,3040522,1071606,100929,244024,88143,1190,3141,39014,18086
2016,Ohio,4624669,utility gas,3035341,1100194,100460,240410,85870,887,4510,36312,20685
2012,Ohio,4554672,utility gas,3034608,1015239,115319,240185,94448,991,3553,35424,14905
2006,Michigan,3869117,utility gas,3033588,250360,92451,375108,84155,1037,1219,21877,9322
2019,Michigan,3969880,utility gas,3031018,403782,39166,335186,105400,997,911,35628,17792
2013,Ohio,4564745,utility gas,3021993,1049033,110043,236293,91040,726,3538,34650,17429
2005,Michigan,3887994,utility gas,3020584,281809,101492,380665,72419,554,1062,19328,10081
2007,Michigan,3849007,utility gas,3010094,265386,84399,359324,93350,647,950,24405,10452
2018,Michigan,3957466,utility gas,3009520,407077,40558,332085,110656,1280,891,36367,19032
2017,Michigan,3930017,utility gas,3006588,386300,40755,321684,115077,603,1377,37804,19829
2016,Michigan,3884153,utility gas,2981789,368144,43761,318742,116271,821,934,36305,17386
2008,Michigan,3810801,utility gas,2971865,267215,81135,350629,101529,264,1274,26843,10047
2009,Michigan,3819736,utility gas,2966895,278240,71976,339327,120410,692,716,29842,11638
2015,Michigan,3858532,utility gas,2958300,356677,45398,314724,129857,604,1064,32932,18976
2010,Michigan,3806621,utility gas,2955744,284011,61775,331330,128481,693,986,29960,13641
2012,Michigan,3819068,utility gas,2942881,321209,54189,320522,134225,468,853,32087,12634
2014,Michigan,3834574,utility gas,2942704,342353,47572,314434,129455,906,1408,38130,17612
2013,Michigan,3832466,utility gas,2931318,341965,47991,319698,132347,905,1336,39038,17868
2011,Michigan,3772433,utility gas,2921386,296289,55621,330972,125518,431,1200,27290,13726
2019,Pennsylvania,5119249,utility gas,2634591,1222377,792365,235490,117969,4241,53191,36216,22809
2019,North Carolina,4046348,electricity,988773,2600265,106305,265965,57333,1951,1198,6277,18281
2017,Pennsylvania,5008751,utility gas,2598275,1158937,790353,222650,127198,2225,52874,35586,20653
2018,Pennsylvania,5070931,utility gas,2592386,1198450,806761,225476,128110,2197,57582,35172,24797
2018,North Carolina,4011462,electricity,992077,2552432,111718,268167,62478,1202,317,5059,18012
2016,Pennsylvania,4937771,utility gas,2551248,1133797,805822,209719,125583,1639,57606,34565,17792
2015,Pennsylvania,4956037,utility gas,2549385,1103995,837082,200754,141835,2117,64226,38034,18609
2008,Pennsylvania,4904554,utility gas,2533794,932063,1040943,171453,128837,831,63234,23790,9609
2009,Pennsylvania,4916869,utility gas,2533032,948324,1023564,178379,129981,1068,65870,24946,11705
2010,Pennsylvania,4936030,utility gas,2530446,997925,993832,177562,126074,597,67764,29423,12407
2012,Pennsylvania,4958249,utility gas,2530063,1046982,936674,188880,145089,1484,66314,31494,11269
2014,Pennsylvania,4945972,utility gas,2528694,1087741,858758,198296,148256,1760,67555,36886,18026
2017,North Carolina,3955069,electricity,961624,2521984,114839,267466,62299,1849,1543,6703,16762
2011,Pennsylvania,4937333,utility gas,2516883,1019764,973749,178387,137625,1545,67685,28259,13436
2013,Pennsylvania,4938894,utility gas,2516052,1086074,870064,195799,148597,1408,67774,33941,19185
2005,Pennsylvania,4860140,utility gas,2510837,844189,1149664,177001,82377,1470,61814,23832,8956
2007,Pennsylvania,4873482,utility gas,2507212,897536,1091499,177383,104126,523,61820,25437,7946
2006,Pennsylvania,4845603,utility gas,2494468,861668,1106928,182738,99730,894,64507,24971,9699
2019,New Jersey,3286264,utility gas,2474295,448114,241742,71419,10368,5284,1220,13323,20499
2016,North Carolina,3882423,electricity,943290,2454377,118701,275766,64774,1678,231,7170,16436
2018,New Jersey,3249567,utility gas,2435183,437888,258889,67930,12069,4626,992,14313,17677
2017,New Jersey,3218798,utility gas,2425008,415119,271265,62490,11994,4801,990,12938,14193
2015,North Carolina,3843745,electricity,934170,2407444,134297,271792,74765,1165,806,5754,13552
2015,New Jersey,3187963,utility gas,2398744,385792,299222,61082,14398,1781,821,12721,13402
2014,New Jersey,3194844,utility gas,2393423,384329,309236,62396,14471,1748,1705,13957,13579
2016,New Jersey,3194519,utility gas,2389530,423650,271179,59916,13466,3212,1652,14924,16990
2012,New Jersey,3198799,utility gas,2368222,377997,356378,60990,13974,1002,1107,10889,8240
2013,New Jersey,3176139,utility gas,2354824,388226,329733,60943,17421,1270,843,10710,12169
2010,New Jersey,3172421,utility gas,2344455,343112,392540,63241,11886,325,676,8439,7747
2014,North Carolina,3790620,electricity,926794,2343976,132786,279111,82455,1940,664,5893,17001
2011,New Jersey,3167629,utility gas,2342608,360855,376568,58315,11869,332,750,7917,8415
2009,New Jersey,3154926,utility gas,2318805,332849,408838,61881,12774,308,1324,9045,9102
2013,North Carolina,3757480,electricity,922927,2308910,137984,280693,84384,1216,656,5134,15576
2008,New Jersey,3154012,utility gas,2293931,324941,440722,65170,10380,186,1590,8369,8723
2012,North Carolina,3731325,electricity,919136,2266804,157871,288635,80465,821,538,5897,11158
2007,New Jersey,3149910,utility gas,2264266,328188,466880,62723,8430,256,1362,9320,8485
2006,New Jersey,3135490,utility gas,2211102,334156,493577,70164,10221,366,1519,8009,6376
2005,New Jersey,3141956,utility gas,2197048,340369,504437,73301,7840,364,1598,9975,7024
2011,North Carolina,3683364,electricity,913246,2181593,176758,316541,78065,737,289,5314,10821
2019,Georgia,3852714,electricity,1487548,2141572,5442,173271,23072,445,274,3704,17386
2010,North Carolina,3670859,electricity,915058,2133012,196475,330382,77417,898,1105,5676,10836
2018,Georgia,3803012,electricity,1473926,2101878,7125,173300,25156,427,323,4115,16762
2009,North Carolina,3646095,electricity,927972,2080834,206352,334066,79970,736,590,4534,11041
2017,Georgia,3745074,electricity,1470240,2050296,6546,170519,26267,469,699,4624,15414
2008,North Carolina,3595175,electricity,920542,2012711,219474,350882,76163,864,368,3944,10227
2016,Georgia,3686135,electricity,1453586,2007390,6691,169822,31445,183,417,3407,13194
2015,Georgia,3656407,electricity,1454703,1976609,5839,170705,31762,22,127,2666,13974
2007,North Carolina,3540875,electricity,899859,1923693,259433,372525,69060,1400,400,4743,9762
2014,Georgia,3587521,electricity,1443221,1908078,5777,176341,35844,332,690,2971,14267
2013,Georgia,3546965,electricity,1422155,1879370,5872,185887,36761,298,283,3344,12995
2012,Georgia,3532908,electricity,1424695,1867991,7880,184571,34641,347,44,2971,9768
2011,Georgia,3494542,electricity,1423322,1832835,8937,181946,33966,327,37,3021,10151
2006,North Carolina,3454068,electricity,892590,1829376,261954,378585,75211,1085,271,6393,8603
2019,Virginia,3191847,electricity,1041958,1793634,131931,135500,60480,2552,1355,9895,14542
2010,Georgia,3482420,electricity,1439275,1781234,9986,207419,33175,390,206,1928,8807
2005,North Carolina,3409840,electricity,874796,1761058,293591,395547,67335,1114,544,6331,9524
2018,Virginia,3175524,electricity,1054657,1757556,139770,131055,66813,1606,1459,9664,12944
2017,Virginia,3120880,electricity,1041717,1708026,140235,137068,69309,892,2039,8177,13417
2009,Georgia,3469250,electricity,1492353,1706295,9753,213929,34173,599,210,3156,8782
2016,Virginia,3120692,electricity,1032532,1699116,146013,141229,74887,628,2680,9883,13724
2015,Virginia,3106895,electricity,1029797,1687103,153039,134535,79382,635,2133,8414,11857
2019,Tennessee,2654737,electricity,830737,1660360,8693,98977,42520,245,1306,3238,8661
2014,Virginia,3083820,electricity,1023682,1653956,162273,138787,82114,701,1842,10067,10398
2019,Washington,2932477,electricity,1001906,1652260,47771,86647,108817,2748,652,18055,13621
2008,Georgia,3469845,electricity,1543874,1642969,9251,227223,36945,232,0,1952,7399
2018,Tennessee,2603140,electricity,825532,1627963,10401,88075,38979,274,104,3642,8170
2013,Virginia,3055863,electricity,1020268,1625037,168558,137668,82334,1193,2445,7919,10441
2018,Washington,2895575,electricity,1002191,1617610,46311,90813,108328,2291,290,16429,11312
2019,Arizona,2670441,electricity,877561,1614900,2905,75036,50942,18646,373,5815,24263
2017,Tennessee,2588655,electricity,819872,1608010,9740,97227,41106,927,637,2180,8956
2012,Virginia,3038967,electricity,1016029,1604379,178393,136651,85135,350,2575,8450,7005
2017,Washington,2840377,electricity,974414,1599616,46277,83993,107887,1241,586,14704,11659
2007,Georgia,3417115,electricity,1525502,1587462,14367,251639,27950,272,147,1962,7814
2018,Arizona,2614298,electricity,858830,1578580,2817,74563,51457,18031,417,5123,24480
2008,Indiana,2480570,utility gas,1577328,612925,32873,189660,44597,333,4740,12737,5377
2016,Tennessee,2556332,electricity,818768,1570459,9798,99337,47265,126,727,2437,7415
2019,Wisconsin,2386623,utility gas,1570313,384000,41457,285657,71833,567,459,18410,13927
2006,Georgia,3376763,utility gas,1565595,1490176,12353,266267,29864,410,266,3929,7903
2018,Wisconsin,2371960,utility gas,1565341,369997,44391,276217,79848,693,434,21354,13685
2017,Arizona,2552972,electricity,830017,1560459,1069,69551,49249,17871,232,3987,20537
2005,Indiana,2443010,utility gas,1559602,569835,42866,209857,41268,926,3118,10473,5065
2007,Indiana,2462278,utility gas,1558076,599631,39495,201816,41198,541,3809,12679,5033
2019,Indiana,2597765,utility gas,1552483,772790,16238,184697,44677,728,3769,12260,10123
2016,Arizona,2519052,electricity,813741,1551914,2113,68204,46732,11575,210,5825,18738
2018,Indiana,2599169,utility gas,1548536,777784,16551,184265,47601,970,3008,10698,9756
2009,Indiana,2477548,utility gas,1546835,634685,30364,190730,53561,638,3222,11201,6312
2006,Indiana,2435274,utility gas,1546225,574389,41806,211840,42228,786,2910,9003,6087
2011,Virginia,2990650,electricity,1015166,1544516,193983,130965,85610,367,2818,9091,8134
2005,Georgia,3320278,utility gas,1542096,1434266,17586,282420,31523,233,47,4117,7990
2016,Washington,2768076,electricity,948151,1540628,49076,83921,117058,1244,378,14449,13171
2017,Wisconsin,2350293,utility gas,1534863,383680,45798,266776,82968,696,601,22657,12254
2015,Tennessee,2530260,electricity,825190,1533971,9813,99323,49845,236,258,3564,8060
2019,Colorado,2235103,utility gas,1529865,526565,1837,107982,35043,8044,1035,13907,10825
2010,Indiana,2470905,utility gas,1527016,659543,29396,179701,53848,646,3344,12114,5297
2017,Indiana,2557299,utility gas,1525035,764022,16008,179223,48935,722,2966,11356,9032
2011,Indiana,2467111,utility gas,1521983,667930,24780,174851,54510,641,3656,13090,5670
2016,Indiana,2533270,utility gas,1521013,740225,16749,177100,56087,979,2582,10876,7659
2015,Indiana,2515143,utility gas,1517830,726852,18388,177999,51692,536,2988,10950,7908
2016,Wisconsin,2326998,utility gas,1516856,379170,47379,257731,87464,667,762,23294,13675
2014,Indiana,2502739,utility gas,1515413,710158,18946,181828,54170,550,2973,10863,7838
2015,Wisconsin,2319538,utility gas,1515108,361243,54122,259440,94188,937,593,22247,11660
2010,Virginia,2992732,electricity,1027967,1514678,208176,138687,83925,130,3242,7582,8345
2012,Indiana,2480077,utility gas,1510771,690543,23066,176520,57554,554,3866,11747,5456
2014,Wisconsin,2307685,utility gas,1509961,346409,57916,254773,102176,742,230,23106,12372
2014,Tennessee,2509665,electricity,822736,1508176,10761,99108,54661,737,739,3171,9576
2013,Indiana,2498395,utility gas,1504232,717335,21055,176348,55561,680,3857,10442,8885
2013,Tennessee,2490249,electricity,803897,1503502,10849,105832,53113,623,810,2871,8752
2009,Virginia,2971489,electricity,1008417,1503169,226759,135589,83303,355,3543,5615,4739
2015,Washington,2728573,electricity,947344,1502485,54294,83835,109150,985,510,16980,12990
2018,Colorado,2176757,utility gas,1502352,503980,2500,103320,34473,6536,575,13583,9438
2009,Wisconsin,2272274,utility gas,1496275,297475,91036,251847,106575,436,416,20292,7922
2012,Wisconsin,2288362,utility gas,1495819,343453,68459,245071,106058,584,205,20485,8228
2008,Wisconsin,2249630,utility gas,1492976,285056,98225,248871,96898,277,335,19376,7616
2015,Arizona,2463008,electricity,803620,1490766,2114,65811,50238,8420,595,3173,38271
2010,Wisconsin,2279532,utility gas,1488259,320964,81908,250022,106608,345,308,22028,9090
2007,Wisconsin,2241597,utility gas,1487091,281838,107386,248441,90734,252,404,20077,5374
2012,Tennessee,2480090,electricity,813213,1485761,9931,110486,51767,376,752,2391,5413
2011,Wisconsin,2275352,utility gas,1484849,333466,74110,246414,107814,765,326,20056,7552
2006,Wisconsin,2230060,utility gas,1483450,271472,115628,250479,83951,388,308,18047,6337
2017,Colorado,2139207,utility gas,1483056,483786,1823,98538,39595,7200,1049,14457,9703
2013,Wisconsin,2289424,utility gas,1473766,347831,64775,262243,106043,660,393,21358,12355
2014,Washington,2679601,electricity,922363,1472236,57606,79785,117694,676,208,16095,12938
2019,Minnesota,2222568,utility gas,1471186,385188,34406,249094,44412,548,299,22109,15326
2016,Colorado,2108992,utility gas,1462841,478032,1715,98087,38336,5288,801,15365,8527
2011,Tennessee,2467428,electricity,824727,1455110,11216,111139,55810,690,788,2863,5085
2005,Wisconsin,2219571,utility gas,1453768,288829,129925,250739,72452,456,583,16850,5969
2008,Virginia,2961083,electricity,1023507,1451064,245915,140111,83087,906,2348,7359,6786
2008,Colorado,1897835,utility gas,1450705,293871,2949,94590,35413,2757,1595,10753,5202
2010,Colorado,1960585,utility gas,1447926,350502,2742,100015,39577,2073,1728,10588,5434
2014,Arizona,2428743,electricity,812510,1446705,1214,65065,50054,7215,510,4826,40644
2014,Colorado,2039592,utility gas,1445808,428152,1683,95838,43546,4082,990,12074,7419
2015,Colorado,2074735,utility gas,1438590,470730,2431,97415,40734,4169,1133,12645,6888
2009,Colorado,1910146,utility gas,1438473,313428,2357,97714,38725,1895,1363,11361,4830
2012,Colorado,1996088,utility gas,1436739,401621,1692,96779,40146,3122,1311,9329,5349
2011,Colorado,1975388,utility gas,1436516,378790,2606,95799,42179,3199,1180,9778,5341
2013,Washington,2644557,electricity,923298,1436251,59803,80336,113511,1055,402,16914,12987
2012,Washington,2636817,electricity,916691,1433146,65724,81776,114568,514,131,16609,7658
2017,Minnesota,2162211,utility gas,1432941,386925,35786,221643,41056,1397,676,24923,16864
2018,Minnesota,2194452,utility gas,1431179,397513,37345,237190,43772,635,437,27162,19219
2013,Arizona,2400809,electricity,814584,1430518,2702,66318,48822,5487,145,6165,26068
2010,Tennessee,2440663,electricity,826781,1427914,15335,112833,49790,282,1307,2114,4307
2008,Minnesota,2089449,utility gas,1426500,286459,75758,213504,49385,270,806,25308,11459
2016,Minnesota,2148725,utility gas,1424382,377952,38619,217584,46247,424,459,27683,15375
2012,Arizona,2392168,electricity,819061,1421896,1766,68866,45518,2859,366,5795,26041
2014,Minnesota,2129195,utility gas,1420749,341899,44148,223105,54734,500,980,26451,16629
2015,Minnesota,2147262,utility gas,1420349,366326,41930,225549,51735,443,493,23873,16564
2009,Minnesota,2085767,utility gas,1414585,294332,71666,211473,55479,251,340,26688,10953
2007,Colorado,1859965,utility gas,1410418,293333,2593,99028,33860,2396,1201,11903,5233
2009,Tennessee,2447066,electricity,843833,1410250,18633,117107,49254,131,821,1921,5116
2011,Washington,2632621,electricity,933332,1408123,70733,81173,115346,951,351,15789,6823
2013,Colorado,2002800,utility gas,1407423,432137,2089,95660,41289,3069,1228,11846,8059
2010,Minnesota,2091548,utility gas,1404878,312238,65801,214285,54493,237,354,26135,13127
2006,Colorado,1846988,utility gas,1404873,283111,2497,100806,34813,2738,1522,11885,4743
2012,Minnesota,2111943,utility gas,1402952,346867,56795,213359,55471,373,351,24432,11343
2019,South Carolina,1975915,electricity,464662,1400895,12243,68110,13860,3591,90,1813,10651
2013,Minnesota,2119954,utility gas,1399587,356763,49863,220587,53776,468,585,22758,15567
2011,Minnesota,2096477,utility gas,1398239,335268,61157,209605,54503,378,524,24942,11861
2007,Minnesota,2062681,utility gas,1397188,278703,87734,217991,45477,341,1026,22861,11360
2006,Minnesota,2042297,utility gas,1393613,263765,91654,213452,45418,395,576,23537,9887
2011,Arizona,2356055,electricity,811728,1391980,860,71170,45923,3062,117,6903,24312
2007,Virginia,2932234,electricity,1025385,1388757,273196,156354,70293,627,3162,8151,6309
2019,Massachusetts,2650680,utility gas,1385815,448883,646103,98388,32105,3549,1433,21544,12860
2010,Washington,2606863,electricity,924131,1384990,73380,84272,115190,680,304,17115,6801
2018,South Carolina,1927991,electricity,438188,1382708,15078,67015,13882,2142,108,2209,6661
2017,South Carolina,1905100,electricity,415962,1380808,15188,65032,14996,1461,325,2556,8772
2006,Virginia,2905071,electricity,1015385,1377419,269454,154163,71497,610,4216,5702,6625
2018,Massachusetts,2624294,utility gas,1374460,434646,657583,92227,28621,3078,1627,20618,11434
2008,Tennessee,2434683,electricity,869489,1370481,17544,122735,46293,46,1169,2085,4841
2005,Colorado,1819037,utility gas,1364655,295124,3869,103191,31265,1981,2032,13370,3550
2005,Minnesota,2020144,utility gas,1360933,270318,98659,215020,40845,377,662,22783,10547
2010,Arizona,2334050,electricity,825209,1358732,1562,70037,48836,1620,192,6421,21441
2017,Massachusetts,2604954,utility gas,1353682,418715,674937,88756,34421,3525,2198,19989,8731
2016,South Carolina,1877887,electricity,413862,1351704,14375,70890,15939,820,97,1797,8403
2009,Washington,2559288,electricity,913897,1333640,82361,88016,118806,816,561,15467,5724
2016,Massachusetts,2579398,utility gas,1332610,405055,688925,81858,35051,2421,2438,19478,11562
2015,South Carolina,1857768,electricity,410455,1322225,20409,75921,18149,278,85,2524,7722
2007,Tennessee,2407765,electricity,876560,1321271,22233,129168,49135,159,1518,3360,4361
2008,Washington,2547663,electricity,923762,1321135,83177,82967,113268,596,718,15876,6164
2005,Virginia,2889688,electricity,1018499,1318024,307564,154145,68721,503,4202,10161,7869
2014,Massachusetts,2549336,utility gas,1310713,371616,703760,77135,41999,825,4063,21307,17918
2009,Arizona,2276865,electricity,817083,1310308,1281,70969,45870,1334,306,6039,23675
2015,Massachusetts,2559951,utility gas,1306073,403279,690548,79528,38927,1693,3301,20120,16482
2008,Arizona,2273842,electricity,825454,1301480,1881,76416,44330,981,394,5051,17855
2007,Washington,2501509,electricity,893050,1293198,95101,86497,112179,605,227,14590,6062
2014,South Carolina,1826914,electricity,413456,1291881,16980,72957,20954,373,514,2112,7687
2005,Missouri,2285280,utility gas,1290804,617041,11675,281615,70723,349,592,9016,3465
2008,Missouri,2330040,utility gas,1283847,695399,7068,248482,86209,301,9,5649,3076
2006,Washington,2471912,electricity,870882,1281004,96294,90223,111501,819,507,13864,6818
2006,Missouri,2305027,utility gas,1279756,652523,11239,270957,79391,435,55,6293,4378
2005,Tennessee,2366130,electricity,855545,1274770,25802,156992,43283,153,2047,3084,4454
2006,Tennessee,2375123,electricity,881283,1270303,22490,143697,47484,190,1828,2041,5807
2007,Missouri,2309626,utility gas,1269641,684561,7709,257717,80303,201,391,4715,4388
2009,Missouri,2339684,utility gas,1268378,721050,7350,237182,94795,306,42,6716,3865
2007,Arizona,2251546,electricity,831036,1267204,2187,78433,42423,1141,851,8283,19988
2005,Washington,2450474,electricity,851732,1266042,106793,87844,114917,532,523,14718,7373
2013,Massachusetts,2536321,utility gas,1265878,371400,740917,81306,47009,1432,2333,17553,8493
2019,Alabama,1897576,electricity,502880,1260266,2384,106166,16377,120,666,1328,7389
2013,South Carolina,1794989,electricity,408997,1254816,20644,80318,19846,143,245,1906,8074
2005,Arizona,2204013,electricity,795966,1249793,1861,83949,41213,1040,371,7674,22146
2012,Massachusetts,2522394,utility gas,1249253,365060,772641,68517,43393,487,3563,14495,4985
2011,Massachusetts,2532067,utility gas,1242643,354007,806422,65582,40356,893,3076,13919,5169
2012,South Carolina,1787340,electricity,413800,1241285,22605,79272,21893,257,145,1688,6395
2006,Arizona,2224992,electricity,827797,1239736,1577,81163,41817,996,1317,10577,20012
2010,Missouri,2350628,utility gas,1235745,765714,6187,236581,92774,354,38,8606,4629
2010,Massachusetts,2520419,utility gas,1234502,341806,810266,70046,38813,880,3149,14235,6722
2019,Missouri,2458337,utility gas,1225703,912838,5673,222354,74529,1656,436,7678,7470
2012,Missouri,2359135,utility gas,1221514,808932,6484,212317,97410,369,173,7872,4064
2011,Missouri,2341074,utility gas,1220931,781226,6310,226158,95401,376,371,6738,3563
2016,Missouri,2372190,utility gas,1220773,841931,4349,202010,85233,1575,828,7731,7760
2018,Missouri,2434806,utility gas,1218643,902139,4966,213759,77808,870,882,9010,6729
2018,Alabama,1855184,electricity,502864,1218383,2525,104577,15891,204,539,2054,8147
2017,Missouri,2385135,utility gas,1213154,867102,4488,202547,80774,648,26,9429,6967
2017,Alabama,1841665,electricity,494568,1213135,2594,106561,16806,60,100,1438,6403
2015,Missouri,2374180,utility gas,1212347,840114,5223,211223,88827,518,224,8070,7634
2011,South Carolina,1768834,electricity,419203,1212210,27260,80666,21253,233,360,2701,4948
2014,Missouri,2354809,utility gas,1210952,805368,4653,219176,96594,558,336,8390,8782
2010,South Carolina,1761393,electricity,414416,1207780,30874,83848,17808,219,0,1822,4626
2013,Missouri,2362853,utility gas,1205979,822051,4664,218963,95809,755,398,7362,6872
2015,Alabama,1846390,electricity,508335,1191229,3176,114106,20342,82,0,2188,6932
2009,Massachusetts,2475492,utility gas,1188213,325953,843927,61577,35706,643,2641,11506,5326
2016,Alabama,1852518,electricity,528624,1184158,2853,110784,17764,84,104,776,7371
2014,Alabama,1841217,electricity,523139,1173097,3610,113869,17600,195,718,1530,7459
2008,Massachusetts,2467323,utility gas,1165085,325999,867173,57339,30957,634,2415,12211,5510
2012,Alabama,1845169,electricity,521672,1157432,4516,134114,21306,81,148,1511,4389
2009,South Carolina,1730232,electricity,425890,1150871,36931,93863,17251,44,139,1424,3819
2013,Alabama,1822439,electricity,520001,1149424,2884,121771,19735,134,136,1470,6884
2006,Massachusetts,2446485,utility gas,1143554,309458,883361,67688,24420,558,2323,9404,5719
2005,Massachusetts,2448032,utility gas,1142108,312355,885696,67382,19496,518,2595,10810,7072
2007,Massachusetts,2449133,utility gas,1141307,326266,880588,57295,27485,470,2303,9116,4303
2011,Alabama,1844546,electricity,550050,1122217,3873,140803,21202,94,191,1654,4462
2018,Louisiana,1737220,electricity,572612,1118248,1084,30367,7104,1365,91,1418,4931
2019,Louisiana,1741076,electricity,579773,1114041,316,31301,7044,1198,0,695,6708
2017,Louisiana,1737123,electricity,570226,1113152,958,35678,8584,1348,142,1485,5550
2008,South Carolina,1702300,electricity,433651,1111818,37577,92474,19831,220,144,1223,5362
2007,South Carolina,1702564,electricity,428393,1109402,42493,97224,16721,97,62,1455,6717
2016,Louisiana,1720801,electricity,574827,1091269,920,36189,8878,1275,61,1698,5684
2015,Louisiana,1737908,electricity,599691,1081439,439,37623,11443,754,79,1225,5215
2010,Alabama,1815152,electricity,560206,1081259,4306,142625,20094,165,154,2208,4135
2009,Alabama,1848051,electricity,585319,1073718,4386,156650,21693,46,403,1025,4811
2013,Louisiana,1728149,electricity,603059,1068524,804,37860,9805,401,195,1493,6008
2014,Louisiana,1718194,electricity,596700,1064925,1192,38279,9741,379,0,911,6067
2006,South Carolina,1656978,electricity,418131,1062749,48739,102508,18073,176,126,1639,4837
2012,Louisiana,1719473,electricity,601692,1061773,1556,39816,8727,409,78,1365,4057
2011,Louisiana,1702030,electricity,600835,1037631,759,46531,11052,124,86,1334,3678
2008,Alabama,1815865,electricity,599466,1026372,5886,157652,21498,148,36,1439,3368
2005,South Carolina,1635907,electricity,421490,1016372,54568,118866,18367,0,0,1986,4258
2010,Louisiana,1689822,electricity,629224,997933,1019,44519,11616,147,165,1412,3787
2007,Alabama,1816313,electricity,612817,997509,4698,176911,18635,213,115,915,4500
2019,Maryland,2226767,utility gas,976786,939646,176841,78176,24667,8242,1270,10267,10872
2014,Maryland,2165438,utility gas,973472,858626,207401,71602,31229,1056,2458,9148,10446
2009,Louisiana,1688027,electricity,648445,972920,1109,47204,13087,226,139,1523,3374
2015,Maryland,2177934,utility gas,968764,883862,197050,72692,29110,1791,1719,12005,10941
2017,Maryland,2207343,utility gas,965820,923094,186636,75324,27746,5490,2323,9325,11585
2012,Maryland,2157717,utility gas,964693,860277,219631,66558,28271,487,2767,9507,5526
2016,Maryland,2194657,utility gas,964198,907586,196298,74399,25816,3543,2653,9849,10315
2018,Maryland,2215935,utility gas,956824,944809,176897,80754,26454,6019,2673,9623,11882
2013,Maryland,2161680,utility gas,955665,865922,214092,67436,33464,898,2458,11755,9990
2005,Maryland,2085647,utility gas,949901,743330,283476,73414,20464,322,2776,6735,5229
2010,Maryland,2127439,utility gas,947948,832013,240788,63253,26358,313,2006,8768,5992
2006,Maryland,2089031,utility gas,944064,760362,275879,71985,22118,212,2062,5999,6350
2006,Alabama,1796058,electricity,626243,943783,6870,192877,19696,121,579,1628,4261
2009,Maryland,2095122,utility gas,943504,799508,239699,72152,25911,483,2746,7453,3666
2008,Maryland,2092692,utility gas,942581,782008,257231,68543,25632,585,2216,10202,3694
2011,Maryland,2134517,utility gas,941650,856488,223651,66964,28097,203,2002,9752,5710
2007,Maryland,2082458,utility gas,935346,775691,264044,71562,20246,65,2730,7062,5712
2008,Louisiana,1625153,electricity,631606,924672,1619,48734,13302,110,12,1726,3372
2019,Kentucky,1748732,electricity,644977,921242,12525,108053,48551,565,2468,5155,5196
2018,Kentucky,1732713,electricity,636965,911907,14000,110523,43532,508,3380,5635,6263
2005,Alabama,1788692,electricity,634841,911517,6784,209146,18162,200,705,1857,5480
2017,Kentucky,1725034,electricity,643422,901970,14545,100860,47810,429,3564,6919,5515
2016,Kentucky,1717706,electricity,639630,898114,14744,105573,43963,448,3923,7136,4175
2015,Kentucky,1716168,electricity,643384,889890,15589,104751,46453,291,4263,6332,5215
2014,Kentucky,1712094,electricity,638201,883857,15956,106636,52310,138,3065,6399,5532
2007,Louisiana,1597111,electricity,634121,882390,2164,61410,12560,242,0,1582,2642
2005,Louisiana,1676599,electricity,707781,882240,2507,64243,12099,52,113,2430,5134
2013,Kentucky,1705623,electricity,645906,868659,15839,108051,51434,506,4011,5175,6042
2019,Oregon,1649352,electricity,608187,865085,26802,29180,98494,1877,339,12653,6735
2012,Kentucky,1707004,electricity,655998,860605,15485,113175,49406,245,4111,4848,3131
2006,Louisiana,1564978,electricity,625463,850585,2062,67511,13218,332,224,1654,3929
2018,Oregon,1639970,electricity,617243,845916,28320,26707,100126,2130,85,12903,6540
2010,Kentucky,1684348,electricity,655820,835138,20121,111306,49069,360,5026,5082,2426
2019,Utah,1023855,utility gas,827604,151639,826,23489,11231,2435,904,4121,1606
2011,Kentucky,1672134,electricity,653976,824169,20656,111448,48585,157,4913,5183,3047
2018,Utah,998891,utility gas,820514,134529,1034,20935,12921,1694,826,4343,2095
2008,Oklahoma,1407933,utility gas,815542,435241,1385,112914,29946,51,0,11110,1744
2006,Oklahoma,1385300,utility gas,814624,410875,2553,117096,27611,154,107,10418,1862
2009,Kentucky,1694197,electricity,683931,814408,21890,117115,43216,230,5681,4880,2846
2005,Oklahoma,1380595,utility gas,810457,399930,3645,127952,24900,182,66,10402,3061
2006,Iowa,1208765,utility gas,807569,176944,17452,173210,18165,191,125,11384,3725
2007,Oklahoma,1399932,utility gas,807314,432776,1841,116494,28137,85,18,11225,2042
2009,Oklahoma,1430019,utility gas,807300,458214,747,115116,30724,29,0,16172,1717
2005,Iowa,1200833,utility gas,806578,174313,18703,171992,17872,238,192,7603,3342
2017,Oregon,1603635,electricity,621832,806011,28959,27026,99590,1684,230,11318,6985
2009,Iowa,1226804,utility gas,805013,208422,11918,165426,18801,256,138,11888,4942
2007,Iowa,1214353,utility gas,801477,191177,15006,173372,17642,258,163,11251,4007
2016,Oregon,1571678,electricity,591804,800942,31671,27363,102144,1392,135,10067,6160
2017,Utah,975448,utility gas,799822,134315,889,19585,11408,2271,960,4562,1636
2010,Oklahoma,1432959,utility gas,799757,476597,1512,110248,28411,55,140,14278,1961
2008,Iowa,1215351,utility gas,795465,197029,13540,169850,23605,284,376,10276,4926
2008,Kentucky,1686277,electricity,696439,790805,25460,115906,44558,274,5843,3838,3154
2010,Iowa,1223439,utility gas,787742,220296,9510,166138,19924,184,109,13059,6477
2011,Oklahoma,1442731,utility gas,787024,504418,1803,110279,26159,35,34,11183,1796
2012,Iowa,1227048,utility gas,784644,233255,9572,162117,21865,370,23,10010,5192
2008,Kansas,1110829,utility gas,782702,206989,1689,93330,20189,224,24,4163,1519
2012,Oklahoma,1446667,utility gas,781022,521871,2009,103017,28392,71,96,8427,1762
2015,Utah,930980,utility gas,780746,111094,1297,19320,11431,517,1600,2914,2061
2019,Iowa,1287221,utility gas,780476,304965,4706,165743,15032,802,611,8544,6342
2016,Utah,943147,utility gas,780281,124537,1165,17949,11655,1016,797,3861,1886
2014,Utah,918370,utility gas,779071,99264,1076,21692,11172,205,1580,2788,1522
2018,Iowa,1267873,utility gas,779024,286768,6203,165484,14855,725,180,8571,6063
2017,Iowa,1257505,utility gas,777947,277510,6365,161999,16193,680,443,9336,7032
2011,Iowa,1216765,utility gas,776366,228200,11212,164825,18963,501,127,11425,5146
2006,Kansas,1088288,utility gas,776204,190645,1574,97054,15670,40,12,6166,923
2013,Iowa,1236209,utility gas,775699,249151,7228,163459,20468,430,134,12599,7041
2015,Oregon,1553205,electricity,595662,774393,31373,26882,106585,1218,241,10109,6742
2009,Kansas,1104976,utility gas,771405,215458,1251,88613,21652,439,82,4750,1326
2015,Oklahoma,1465951,utility gas,770876,555238,2382,95737,26956,171,57,10991,3543
2007,Kansas,1088835,utility gas,770316,203217,1296,88955,18402,371,203,5151,924
2014,Iowa,1241471,utility gas,769215,264344,7828,163627,19581,280,249,10258,6089
2013,Oklahoma,1447277,utility gas,768448,530472,1239,103324,29239,297,52,11132,3074
2014,Oklahoma,1459759,utility gas,768244,546544,1976,97810,29462,21,75,11911,3716
2005,Kansas,1071938,utility gas,767957,187231,2381,93733,13864,14,180,5670,908
2016,Oklahoma,1469342,utility gas,767875,568080,2554,95067,23848,446,86,8595,2791
2014,Oregon,1535511,electricity,580411,764501,34492,25335,107706,755,257,14931,7123
2010,Kansas,1101658,utility gas,763181,222889,1449,88994,18266,69,81,5133,1596
2019,Oklahoma,1495151,utility gas,762649,591171,2397,100215,22905,311,115,11345,4043
2011,Utah,884253,utility gas,761814,84352,1418,19908,10522,362,1590,3540,747
2013,Oregon,1523799,electricity,572046,761368,37636,26827,106592,909,0,11992,6429
2017,Oklahoma,1470364,utility gas,760664,579530,3973,93322,21329,140,161,8149,3096
2012,Kansas,1113911,utility gas,760179,244889,955,83386,18576,111,176,4288,1351
2018,Oklahoma,1485310,utility gas,759085,584523,3353,100674,22935,168,578,10644,3350
2013,Utah,899475,utility gas,758978,102457,966,20447,10536,152,1078,3474,1387
2016,Iowa,1247932,utility gas,758616,287406,5726,161914,16908,619,422,9885,6436
2015,Iowa,1247249,utility gas,758106,283022,7202,162877,18554,416,261,9391,7420
2012,Utah,895691,utility gas,754905,105231,1274,18238,10977,163,1195,2717,991
2010,Utah,880025,utility gas,751818,89581,1919,21259,10793,287,1432,2166,770
2007,Kentucky,1655767,electricity,696522,745379,24625,129999,44449,768,7017,4113,2895
2011,Oregon,1516979,electricity,579429,743350,45312,24758,108177,822,139,11489,3503
2017,Kansas,1128983,utility gas,742848,280820,974,79341,16615,264,394,4612,3115
2011,Kansas,1101701,utility gas,741873,245189,1143,85669,20305,152,60,5951,1359
2012,Oregon,1516957,electricity,588282,741186,41366,23647,108087,531,122,9808,3928
2009,Utah,863122,utility gas,740416,83651,1981,21480,11776,44,1536,1286,952
2014,Kansas,1109280,utility gas,739570,248571,1352,88639,22149,252,337,5919,2491
2008,Utah,854244,utility gas,739031,79874,1628,19473,10055,47,2121,1612,403
2010,Oregon,1507137,electricity,575902,735319,50177,23995,105601,511,0,11225,4407
2013,Kansas,1113729,utility gas,735134,259854,1884,87427,20096,70,80,4821,4363
2018,Kansas,1133408,utility gas,733557,283269,2777,89272,16680,235,237,4188,3193
2019,Kansas,1138329,utility gas,731882,289950,2138,91295,15390,284,132,4571,2687
2015,Kansas,1111582,utility gas,731194,265326,1451,86149,19819,328,139,4865,2311
2016,Kansas,1110407,utility gas,726993,273250,1671,82676,18748,314,39,3539,3177
2006,Kentucky,1651911,electricity,703708,722501,29400,140626,40140,209,7642,4780,2905
2007,Utah,835320,utility gas,717474,77882,3327,20719,10046,393,2093,2692,694
2009,Oregon,1485919,electricity,571780,715634,50286,25160,107406,552,409,11644,3048
2005,Kentucky,1653898,electricity,708146,711981,37045,140994,39798,167,8038,4705,3024
2007,Oregon,1471965,electricity,558560,706073,63965,26303,99956,632,28,12949,3499
2008,Oregon,1474755,electricity,579687,701207,52981,24324,100133,340,105,12031,3947
2006,Utah,814028,utility gas,692922,80680,2770,23272,8259,79,3066,2185,795
2006,Oregon,1449662,electricity,557720,681095,67053,29313,96883,457,272,14005,2864
2005,Oregon,1425340,electricity,532903,677557,73152,26913,99144,910,347,9947,4467
2005,Utah,791929,utility gas,675192,76351,3494,21071,10092,123,2095,2700,811
2005,Connecticut,1323838,"fuel oil, kerosene, etc.",392478,198805,674378,36882,12882,123,1373,5232,1685
2006,Connecticut,1325443,"fuel oil, kerosene, etc.",398276,197596,666461,37214,17171,412,1523,4695,2095
2019,Nevada,1143557,utility gas,664388,413115,5404,29867,14014,3853,241,6562,6113
2007,Connecticut,1320714,"fuel oil, kerosene, etc.",412066,193637,653459,33652,19031,254,1510,5145,1960
2008,Connecticut,1329305,"fuel oil, kerosene, etc.",412322,195373,652641,35767,23570,295,982,6060,2295
2010,Connecticut,1358809,"fuel oil, kerosene, etc.",427850,203568,650621,39533,26373,299,936,7110,2519
2018,Nevada,1129810,utility gas,646974,417183,5834,26003,17336,2975,90,7316,6099
2017,Nevada,1094613,utility gas,639476,393340,7045,27839,14295,2552,368,5049,4649
2009,Connecticut,1326329,"fuel oil, kerosene, etc.",416704,199796,639292,37020,23987,362,1274,6043,1851
2010,Nevada,989811,utility gas,638719,288359,8664,31061,15273,504,656,4024,2551
2019,Mississippi,1100229,electricity,317472,638273,1503,125039,13671,155,0,777,3339
2018,Mississippi,1108630,electricity,329840,634392,3171,123545,12482,180,0,1222,3798
2012,Nevada,1006605,utility gas,627705,321747,7231,26371,15907,434,15,3723,3472
2011,Connecticut,1351643,"fuel oil, kerosene, etc.",437840,207267,625164,43778,25707,611,1195,7588,2493
2016,Nevada,1055158,utility gas,623652,369932,7190,28287,13487,2228,487,4332,5563
2015,Nevada,1042065,utility gas,622936,361369,6529,25153,14312,1347,45,6051,4323
2013,Nevada,1002571,utility gas,621978,323768,6665,27742,13813,970,59,3425,4151
2017,Mississippi,1091980,electricity,330678,620169,3032,122558,10490,72,111,1520,3350
2009,Nevada,965715,utility gas,616738,290199,7386,32475,12702,465,59,3319,2372
2012,Connecticut,1357812,"fuel oil, kerosene, etc.",442443,212708,615734,43849,27351,378,1526,9891,3932
2015,Mississippi,1104371,electricity,338181,614013,2122,130201,14941,295,51,1086,3481
2007,Nevada,954067,utility gas,611637,284650,7122,33571,10772,186,142,3966,2021
2014,Nevada,1021519,utility gas,611388,351476,5896,27175,17073,471,0,4454,3586
2016,Mississippi,1091245,electricity,343978,610496,2470,114510,14521,321,125,640,4184
2011,Nevada,982352,utility gas,605079,320235,6691,28705,13633,464,0,5254,2291
2014,Mississippi,1095823,electricity,339414,603699,1067,129561,17236,65,243,1385,3153
2013,Mississippi,1091002,electricity,338085,602503,1319,128930,14648,0,118,1547,3852
2012,Mississippi,1090521,electricity,331549,600806,1565,135562,16701,183,0,1609,2546
2008,Nevada,952856,utility gas,598464,299985,9274,30384,8692,423,0,4161,1473
2018,Arkansas,1156347,electricity,427676,598185,1607,82510,39943,399,0,2762,3265
2017,Arkansas,1153082,electricity,440170,591893,1380,75397,38367,270,0,3151,2454
2011,Mississippi,1080991,electricity,330395,591471,1796,136201,17645,34,88,1411,1950
2006,Nevada,936828,utility gas,589955,286793,9580,36270,8726,312,0,3780,1412
2019,Arkansas,1163647,electricity,450216,588621,638,78170,39897,385,67,2375,3278
2013,Connecticut,1339860,"fuel oil, kerosene, etc.",449787,209463,585757,46397,29361,401,2501,10236,5957
2014,Connecticut,1355817,"fuel oil, kerosene, etc.",464748,212031,576948,49540,34478,554,2087,11670,3761
2016,Arkansas,1142718,electricity,443158,575287,1155,75539,41774,56,0,3194,2555
2015,Arkansas,1144663,electricity,449516,565461,469,76481,45025,254,105,3821,3531
2010,Mississippi,1079999,electricity,347171,564029,1863,146694,17256,37,0,933,2016
2017,Connecticut,1356762,"fuel oil, kerosene, etc.",478136,219208,562247,55608,24510,1029,1523,10257,4244
2015,Connecticut,1343703,"fuel oil, kerosene, etc.",471195,214414,561996,51915,29530,937,1493,8159,4064
2009,Mississippi,1095026,electricity,357279,561530,1713,152842,18354,0,14,1161,2133
2016,Connecticut,1357269,"fuel oil, kerosene, etc.",476852,230532,554283,55631,23580,900,1538,9232,4721
2018,Connecticut,1378091,"fuel oil, kerosene, etc.",497422,232420,549036,60526,22954,1579,943,8782,4429
2005,Nevada,906719,utility gas,546125,296087,10848,38621,8918,148,13,3763,2196
2012,Arkansas,1143859,electricity,457689,545241,1360,83916,50355,270,9,3305,1714
2008,Mississippi,1094208,electricity,366817,542341,1409,161123,18624,94,0,1791,2009
2014,Arkansas,1131288,electricity,454488,540491,1217,81113,46313,400,28,4524,2714
2013,Arkansas,1125899,electricity,453891,536242,1491,79497,48006,0,0,3889,2883
2019,Connecticut,1377166,"fuel oil, kerosene, etc.",500471,237614,535420,66974,22304,852,467,8355,4709
2010,New Mexico,765183,utility gas,520740,110797,1008,74284,50925,2288,234,4052,855
2011,Arkansas,1127621,electricity,464547,519261,1074,86611,51152,250,259,2484,1983
2011,New Mexico,767285,utility gas,519168,118622,651,68149,49063,2243,510,7559,1320
2012,New Mexico,764996,utility gas,514107,123471,780,60107,54216,2578,283,8257,1197
2008,New Mexico,741399,utility gas,510636,101252,863,77658,43542,1239,854,4216,1139
2007,Mississippi,1080039,electricity,370252,509161,2307,174735,19837,70,196,990,2491
2015,New Mexico,761797,utility gas,507367,134640,692,60267,46945,2575,315,7417,1579
2014,New Mexico,760916,utility gas,506959,126923,1106,59610,54261,2108,182,8016,1751
2010,Arkansas,1114902,electricity,457999,505009,1649,95090,49607,116,0,3065,2367
2013,New Mexico,753507,utility gas,503091,127124,1230,61554,49712,971,164,7813,1848
2006,Arkansas,1103428,utility gas,502465,427878,1767,115964,50685,215,55,2462,1937
2018,New Mexico,794093,utility gas,501370,165963,1081,57254,53840,3081,338,7711,3455
2009,New Mexico,742104,utility gas,500125,112317,1355,75176,45183,2629,140,3619,1560
2009,Arkansas,1124947,electricity,470630,499506,2159,97073,49756,173,93,3968,1589
2005,Mississippi,1084034,electricity,375908,499114,2944,183407,17185,322,130,2789,2235
2005,Arkansas,1087542,utility gas,498494,410227,2781,124530,46707,170,0,2768,1865
2016,New Mexico,758364,utility gas,497976,138982,1236,54610,51892,3260,628,7052,2728
2007,New Mexico,734847,utility gas,496866,100789,790,78496,48606,2565,968,4725,1042
2017,New Mexico,767705,utility gas,494471,158057,1105,51066,49638,3019,397,7689,2263
2007,Arkansas,1102734,utility gas,493559,448655,2233,106396,46858,173,182,3034,1644
2006,New Mexico,726033,utility gas,492787,96306,884,82066,42608,2885,507,6406,1584
2008,Arkansas,1114041,utility gas,490166,467116,1663,98780,52334,69,0,2433,1480
2019,New Mexico,793420,utility gas,490135,179609,1529,49317,56217,4099,833,9628,2053
2006,Mississippi,1075521,electricity,370562,487302,2045,190765,20412,64,50,1752,2569
2005,New Mexico,727820,utility gas,484937,106056,1405,83299,41163,1580,1011,7556,813
2012,Nebraska,733570,utility gas,462920,190063,3686,57442,11392,285,54,6269,1459
2007,Nebraska,699728,utility gas,462545,153299,5541,59453,10017,104,156,7007,1606
2011,Nebraska,723800,utility gas,462089,182958,4455,56743,9141,44,33,6535,1802
2008,Nebraska,704143,utility gas,460539,161447,5974,56446,12010,75,39,5996,1617
2005,Nebraska,695592,utility gas,460350,146832,7058,65561,8401,20,107,5822,1441
2018,Nebraska,765490,utility gas,460086,226898,3114,58072,8610,295,44,5144,3227
2009,Nebraska,711223,utility gas,457744,175511,4137,55611,9930,128,49,6746,1367
2006,Nebraska,700888,utility gas,456973,154829,6860,63322,10281,91,135,6230,2167
2019,Nebraska,771444,utility gas,456589,235857,3126,57234,8869,135,111,5940,3583
2010,Nebraska,719304,utility gas,455836,181557,5469,55346,11297,194,44,7090,2471
2013,Nebraska,730579,utility gas,453769,199699,2188,57576,9928,55,65,4998,2301
2017,Nebraska,754490,utility gas,445517,239512,3012,50971,7556,130,195,4409,3188
2014,Nebraska,740765,utility gas,444310,219061,3068,56850,11002,50,56,4124,2244
2015,Nebraska,744159,utility gas,440046,224922,2828,58229,9628,161,49,5190,3106
2016,Nebraska,747562,utility gas,439082,238643,2507,50453,9607,23,159,4319,2769
2005,Maine,542158,"fuel oil, kerosene, etc.",17913,26715,423407,33497,36366,230,502,2754,774
2007,Maine,543952,"fuel oil, kerosene, etc.",19181,20909,422738,34267,42318,204,1115,2238,982
2006,Maine,548247,"fuel oil, kerosene, etc.",18838,28850,421929,32156,42717,221,1157,1912,467
2008,Maine,542363,"fuel oil, kerosene, etc.",19578,24946,407480,33495,50745,77,1289,3161,1592
2009,Maine,544855,"fuel oil, kerosene, etc.",24414,25521,388831,35298,62467,393,1050,5666,1215
2010,Maine,545417,"fuel oil, kerosene, etc.",23135,27813,384021,36617,65520,446,1297,5177,1391
2011,Maine,552051,"fuel oil, kerosene, etc.",27427,24723,379409,42224,68055,307,2005,6480,1421
2012,Maine,554543,"fuel oil, kerosene, etc.",28621,23260,374110,41477,76225,635,2278,6995,942
2018,Maine,570307,"fuel oil, kerosene, etc.",44328,41759,355904,61194,54843,1169,1103,8683,1324
2013,Maine,547686,"fuel oil, kerosene, etc.",31836,28747,351842,45601,76707,486,1910,9827,730
2005,West Virginia,740702,utility gas,345151,255398,42143,45687,40837,0,6571,3736,1179
2019,Maine,573618,"fuel oil, kerosene, etc.",44750,48008,344869,69241,53927,1047,1140,8428,2208
2014,Maine,549841,"fuel oil, kerosene, etc.",37608,28040,342185,48027,78214,451,1860,11692,1764
2015,Maine,545226,"fuel oil, kerosene, etc.",37624,35138,336337,50511,70767,604,1449,11270,1526
2006,West Virginia,743064,utility gas,335065,270051,42187,39805,43806,206,7121,3840,983
2018,Idaho,640270,utility gas,334824,212296,10065,31162,44366,442,378,5177,1560
2016,Maine,531660,"fuel oil, kerosene, etc.",41879,33543,333900,52621,55290,312,985,11584,1546
2019,Idaho,655859,utility gas,333883,225718,9851,33933,43627,967,258,5472,2150
2018,West Virginia,734703,electricity,295605,332682,22321,34254,39801,174,3680,4429,1757
2017,Maine,540959,"fuel oil, kerosene, etc.",41841,36406,331541,61816,54454,1228,1301,10328,2044
2017,Idaho,625135,utility gas,329995,204963,7477,32187,43339,226,62,4756,2130
2007,West Virginia,733849,utility gas,329156,272404,37771,37608,43445,467,6718,4179,2101
2008,West Virginia,749586,utility gas,328387,299004,28599,34986,45562,153,6373,6096,426
2019,West Virginia,728175,electricity,290668,328031,19681,38333,39813,254,4091,5596,1708
2013,West Virginia,738653,electricity,299536,326536,20335,30813,49289,95,4521,5717,1811
2012,West Virginia,741544,electricity,305035,323747,24468,29530,47705,239,5330,4121,1369
2009,West Virginia,748517,utility gas,322409,303374,29721,31388,48448,432,6128,5266,1351
2014,West Virginia,735375,electricity,306187,321049,19011,32740,46300,108,3372,4829,1779
2015,West Virginia,734536,electricity,305996,319204,19805,34766,44782,152,4173,4358,1300
2016,West Virginia,722125,electricity,297134,318972,19781,33741,42897,202,4120,3804,1474
2010,West Virginia,741940,utility gas,317757,302804,28559,35512,46066,331,5609,4254,1048
2016,Idaho,610872,utility gas,317194,204797,8601,29878,41276,248,570,5754,2554
2017,West Virginia,715308,electricity,288530,316115,20958,37545,43857,179,3815,2873,1436
2011,West Virginia,735408,electricity,304399,311821,24115,33112,50993,74,5059,4713,1122
2015,Idaho,597421,utility gas,307083,201596,8511,27508,45444,68,267,5043,1901
2012,Idaho,583106,utility gas,303445,189786,10232,27523,46012,421,492,4131,1064
2014,Idaho,591587,utility gas,303196,194895,10243,27837,48610,167,476,4811,1352
2010,Idaho,576709,utility gas,301227,183522,13320,31483,40437,249,280,4841,1350
2013,Idaho,588489,utility gas,296247,196590,9764,30365,46389,225,494,5936,2479
2013,Hawaii,450120,no fuel used,9343,125472,38,5536,1728,11882,77,391,295653
2014,Hawaii,450769,no fuel used,8653,128113,197,4314,1514,12023,42,356,295557
2011,Idaho,580193,utility gas,293858,191360,11233,29016,48446,41,558,4020,1661
2015,Hawaii,445936,no fuel used,8107,126207,119,4349,850,13633,0,137,292534
2016,Hawaii,455868,no fuel used,9951,129907,253,5212,668,16750,187,460,292480
2017,Hawaii,458078,no fuel used,10364,130309,189,6467,2073,16519,64,131,291962
2009,Idaho,558466,utility gas,286405,180108,13607,30812,41232,0,608,4847,847
2008,Idaho,566004,utility gas,285735,188088,16288,28852,40346,590,630,4501,974
2010,Hawaii,445812,no fuel used,9045,140601,114,4321,1325,5443,0,417,284546
2009,Hawaii,446136,no fuel used,8670,138795,109,5531,3049,5796,0,256,283930
2018,Hawaii,455309,no fuel used,11004,134854,215,7370,1301,16595,92,253,283625
2012,Hawaii,447748,no fuel used,8173,145001,89,5728,1396,6473,0,456,280432
2011,Hawaii,448563,no fuel used,9513,144192,48,5529,2020,6587,0,244,280430
2007,Idaho,560567,utility gas,280118,181512,18280,31910,39747,46,789,6788,1377
2006,Idaho,548555,utility gas,278498,169424,19565,33767,39569,204,941,5507,1080
2006,New Hampshire,504503,"fuel oil, kerosene, etc.",97361,39301,278315,60779,22324,25,832,3191,2375
2005,New Hampshire,497054,"fuel oil, kerosene, etc.",94714,38310,277528,62973,18985,43,1181,2411,909
2019,Hawaii,465299,no fuel used,9823,157002,254,7151,1227,16356,313,444,272729
2007,New Hampshire,501505,"fuel oil, kerosene, etc.",101110,38014,267624,62813,25253,25,579,4094,1993
2008,New Hampshire,505286,"fuel oil, kerosene, etc.",99636,35651,265039,65311,30619,166,542,4861,3461
2007,Hawaii,439685,no fuel used,10129,155433,92,6256,1350,4903,0,344,261178
2009,New Hampshire,506342,"fuel oil, kerosene, etc.",97958,38419,260482,67267,33176,240,791,5583,2426
2005,Idaho,532135,utility gas,260103,176455,21240,31783,37141,52,1056,3000,1305
2005,Hawaii,430007,no fuel used,13566,147093,79,7383,1515,5079,50,196,255046
2008,Hawaii,437105,no fuel used,8739,160519,124,6638,2118,4741,85,0,254141
2010,New Hampshire,515431,"fuel oil, kerosene, etc.",100857,41909,253772,70863,40272,85,416,4752,2505
2011,New Hampshire,516454,"fuel oil, kerosene, etc.",100958,40613,252159,74416,37084,280,910,7019,3015
2006,Hawaii,432632,no fuel used,10512,157932,120,7568,2055,5343,50,333,248719
2012,New Hampshire,519137,"fuel oil, kerosene, etc.",104858,39257,245324,72091,43948,593,593,7870,4603
2013,New Hampshire,519246,"fuel oil, kerosene, etc.",101529,42038,239542,76485,44711,334,744,9251,4612
2015,New Hampshire,517615,"fuel oil, kerosene, etc.",103292,46002,232674,78670,42472,488,674,10268,3075
2018,New Hampshire,531212,"fuel oil, kerosene, etc.",113986,50260,232152,86695,35632,411,641,8224,3211
2014,New Hampshire,519756,"fuel oil, kerosene, etc.",100601,46268,230361,76212,49555,275,1781,10068,4635
2017,Montana,423091,utility gas,229832,98887,3934,52646,30846,114,175,3871,2786
2016,New Hampshire,520643,"fuel oil, kerosene, etc.",110428,48677,229187,81949,35047,666,1236,9880,3573
2019,New Hampshire,541396,"fuel oil, kerosene, etc.",115248,53861,227725,94024,34512,632,606,9508,5280
2017,New Hampshire,528700,"fuel oil, kerosene, etc.",111070,47927,227681,90341,37912,575,693,8850,3651
2018,Rhode Island,406573,utility gas,226173,41491,117880,11618,4634,313,132,2687,1645
2019,Montana,437651,utility gas,225502,114538,3748,59192,29920,329,383,3064,975
2018,Montana,431421,utility gas,225236,105015,3734,56685,34624,112,383,3890,1742
2019,Rhode Island,407174,utility gas,225120,41783,116413,14493,5906,243,42,2180,994
2015,Montana,414804,utility gas,224376,98131,4243,49552,32691,310,541,3351,1609
2010,Montana,402747,utility gas,224327,79763,6655,51997,34549,383,955,3410,708
2011,Montana,404250,utility gas,223151,85153,6439,48919,35469,60,600,3690,769
2016,Rhode Island,408239,utility gas,221544,43722,122343,10488,6219,290,399,2140,1094
2012,Montana,408938,utility gas,221497,86337,5488,48601,37505,126,926,7212,1246
2014,Montana,410962,utility gas,221378,94131,4019,50495,34643,376,533,4046,1341
2016,Montana,416125,utility gas,218417,104012,4364,47891,33708,244,649,5354,1486
2014,Rhode Island,409654,utility gas,217810,39832,129877,11457,7318,0,333,2159,868
2013,Montana,406288,utility gas,217689,89434,4126,49009,37525,342,618,5500,2045
2009,Montana,375287,utility gas,217410,68854,6364,46079,30496,270,652,4064,1098
2017,Rhode Island,408748,utility gas,216466,43380,126191,12165,5952,47,190,2845,1512
2005,Montana,368268,utility gas,216344,61116,7880,48919,28446,188,1066,3360,949
2015,Rhode Island,407484,utility gas,216129,43085,124029,11955,7228,0,504,3101,1453
2007,Montana,371954,utility gas,215892,66054,6243,48188,30210,285,701,4012,369
2008,Montana,375598,utility gas,215072,71264,6667,48521,28615,82,1028,3512,837
2006,Montana,372190,utility gas,213544,61718,8200,51496,30500,343,963,4522,904
2013,Rhode Island,406366,utility gas,212545,39215,132486,10035,8547,185,845,1769,739
2011,Rhode Island,412259,utility gas,209106,34511,151784,7816,5860,75,584,1590,933
2012,Rhode Island,413083,utility gas,208173,38606,144208,10361,7592,204,413,2165,1361
2009,Rhode Island,406343,utility gas,206115,31037,155388,6509,5214,25,909,803,343
2010,Rhode Island,402295,utility gas,197703,35706,151847,7793,7084,0,125,814,1223
2008,Rhode Island,399107,utility gas,196604,32681,154070,7791,5221,82,1011,975,672
2005,Rhode Island,406089,utility gas,194421,30711,166680,9305,2806,270,181,969,746
2007,Rhode Island,402538,utility gas,193138,30221,163615,8844,4976,93,110,1197,344
2006,Rhode Island,405627,utility gas,193063,30796,165145,10586,4542,65,410,736,284
2019,South Dakota,353799,utility gas,164029,114940,5362,57650,4959,82,74,4380,2323
2015,South Dakota,339437,utility gas,162018,101989,6671,53053,6677,190,143,6311,2385
2018,South Dakota,345449,utility gas,161455,109872,5712,55267,6415,5,203,4023,2497
2017,South Dakota,344260,utility gas,161222,111476,7317,51864,5105,83,196,4450,2547
2014,South Dakota,334475,utility gas,160121,97069,8253,53817,6959,128,152,5957,2019
2019,Delaware,376239,utility gas,159659,132078,38189,38075,3032,981,271,2269,1685
2008,South Dakota,319926,utility gas,158249,81815,12221,54960,6305,27,452,4378,1519
2018,Delaware,367671,utility gas,157776,122903,42215,37299,2904,831,246,2412,1085
2009,South Dakota,316638,utility gas,157236,80238,11354,56500,5163,43,108,4605,1391
2012,South Dakota,323765,utility gas,156813,92135,7806,54015,6133,275,266,4387,1935
2011,South Dakota,323215,utility gas,156765,89439,10902,55101,5408,64,271,3130,2135
2013,South Dakota,331406,utility gas,156501,99973,8111,52307,5240,120,485,6381,2288
2006,South Dakota,312477,utility gas,156395,68033,14374,60261,6171,106,147,5279,1711
2017,Delaware,357937,utility gas,156142,123152,36593,33703,3642,646,158,2371,1530
2010,South Dakota,318955,utility gas,155638,85447,9105,53407,7259,119,276,5588,2116
2016,South Dakota,334003,utility gas,155319,109209,6854,50018,5699,73,102,4654,2075
2007,South Dakota,312912,utility gas,152966,74167,12495,60099,5011,152,410,5797,1815
2005,South Dakota,310331,utility gas,152218,69550,16494,62895,3938,108,379,3819,930
2016,Delaware,351085,utility gas,150877,114528,40914,37262,3808,316,300,1751,1329
2015,Delaware,352595,utility gas,145437,114947,47187,36295,4581,358,390,1615,1785
2010,Wyoming,222803,utility gas,142370,42659,922,22173,11071,445,906,1855,402
2006,Vermont,253808,"fuel oil, kerosene, etc.",35293,9221,142053,37523,27057,104,324,944,1289
2018,Wyoming,230252,utility gas,141898,51421,534,22466,10778,277,872,1027,979
2014,Delaware,349743,utility gas,140922,117578,47201,35973,3572,108,278,1864,2247
2005,Vermont,248825,"fuel oil, kerosene, etc.",35390,10237,139253,37966,22500,80,446,988,1965
2012,Delaware,340308,utility gas,139144,107027,51437,35463,4283,125,131,1933,765
2013,Delaware,339071,utility gas,138987,110313,48095,32922,3396,166,851,3067,1274
2014,Wyoming,232594,utility gas,138875,53400,778,22193,12621,61,1462,2534,670
2019,Wyoming,233128,utility gas,138003,53068,199,28099,9447,102,1341,1814,1055
2016,Wyoming,223619,utility gas,137875,49466,940,20581,11184,100,478,2037,958
2017,Wyoming,225796,utility gas,137155,49131,548,21945,12744,309,910,2081,973
2007,Vermont,252580,"fuel oil, kerosene, etc.",35144,10106,136673,37366,30627,51,529,1352,732
2015,Wyoming,228937,utility gas,135634,53623,449,22692,12772,26,961,2019,761
2012,Wyoming,223513,utility gas,134357,50489,357,23326,11887,141,819,1738,399
2011,Delaware,333192,utility gas,134125,104516,52969,34745,3170,209,455,2326,677
2019,North Dakota,323519,electricity,129531,133513,6600,44922,1116,13,682,4501,2641
2013,Wyoming,224003,utility gas,133356,50094,649,23452,11656,185,1951,2040,620
2008,Vermont,249986,"fuel oil, kerosene, etc.",37047,9824,132927,34778,31877,156,533,2579,265
2010,Delaware,328765,utility gas,132098,99495,57073,35077,2573,34,160,1407,848
2008,Wyoming,208613,utility gas,131957,40112,991,21307,9898,279,1567,1963,539
2006,Wyoming,207302,utility gas,131152,41263,406,21475,9545,272,1341,1212,636
2009,Delaware,327252,utility gas,131109,94510,58735,36574,3911,148,364,1080,821
2015,North Dakota,313475,utility gas,130987,123653,8473,41709,1440,7,666,2947,3593
2008,Delaware,328654,utility gas,130794,92745,63538,35741,3442,0,19,1643,732
2005,Wyoming,204935,utility gas,130662,36331,708,23248,9003,375,1607,2560,441
2011,Wyoming,222539,utility gas,130525,51264,1052,22887,13459,139,981,2204,28
2016,North Dakota,315134,electricity,126758,130063,8528,40651,1900,9,397,3808,3020
2009,Wyoming,213571,utility gas,129712,42567,565,24644,13054,130,1066,1525,308
2018,North Dakota,319355,utility gas,129563,128042,7346,45025,1240,12,630,3831,3666
2017,North Dakota,316306,electricity,127069,128773,8374,43794,1585,39,508,3510,2654
2007,Delaware,328477,utility gas,128613,98807,60440,36086,2607,0,554,780,590
2007,Wyoming,206136,utility gas,125090,42412,1063,24299,9451,131,1301,1959,430
2013,North Dakota,298298,utility gas,123757,114846,10163,39927,1695,45,1331,4013,2521
2009,Vermont,251736,"fuel oil, kerosene, etc.",37341,10483,123722,38828,37374,149,298,2683,858
2014,North Dakota,305431,electricity,121884,123672,8502,39684,2021,39,1075,4850,3704
2015,Alaska,250185,utility gas,122946,32857,71730,3713,13928,14,1170,1951,1876
2010,Vermont,256922,"fuel oil, kerosene, etc.",41357,13667,122832,35529,38777,122,597,3182,859
2011,Vermont,257358,"fuel oil, kerosene, etc.",39163,10855,122786,39551,41261,98,632,2834,178
2011,Alaska,257330,utility gas,122456,30948,81900,3562,15790,13,782,1100,779
2019,Alaska,252199,utility gas,122448,30611,77795,4879,12171,8,1024,2053,1210
2013,Alaska,246015,utility gas,122315,26064,74729,3471,15670,0,860,2252,654
2018,Alaska,254551,utility gas,122020,34656,73236,5640,12918,50,926,2616,2489
2010,Alaska,254610,utility gas,121979,26546,84963,3998,13879,49,490,1884,822
2005,Delaware,317640,utility gas,121829,86460,67531,36966,1704,0,433,1634,1083
2012,Alaska,251651,utility gas,121498,29529,77163,4021,16548,50,1160,1072,610
2016,Alaska,248468,utility gas,121177,30368,70918,3726,16416,0,915,3627,1321
2008,North Dakota,274743,utility gas,120838,92969,14484,37245,2063,30,1217,3458,2439
2017,Alaska,250741,utility gas,120375,33262,74844,4456,12492,194,571,2365,2182
2006,Delaware,320110,utility gas,119819,88751,67162,38341,3725,0,668,1219,425
2014,Alaska,249659,utility gas,119714,30963,73871,2843,17276,0,1025,2043,1924
2012,North Dakota,290944,utility gas,119677,111749,11457,38617,1571,31,1083,4751,2008
2008,Alaska,237607,utility gas,117543,21826,78645,3663,12931,69,820,1379,731
2011,North Dakota,283440,utility gas,116695,107612,11884,38371,1774,110,1248,3538,2208
2009,Alaska,236597,utility gas,115946,22569,77765,3344,13751,22,1266,1737,197
2007,Alaska,236421,utility gas,115521,22230,81151,4514,10476,0,883,1069,577
2014,Vermont,257229,"fuel oil, kerosene, etc.",43091,11250,115387,38116,43828,179,748,4258,372
2009,North Dakota,279014,utility gas,115000,103443,13625,39179,1458,0,835,3339,2135
2012,Vermont,258520,"fuel oil, kerosene, etc.",41601,12532,114708,38497,46051,206,716,3749,460
2006,North Dakota,272352,utility gas,113736,92338,17050,40095,1883,118,1006,3898,2228
2010,North Dakota,280412,utility gas,112756,104750,12532,41337,1632,73,828,4035,2469
2005,North Dakota,270437,utility gas,112506,86605,19703,41960,1386,0,876,4899,2502
2006,Alaska,229878,utility gas,111340,23558,77905,4472,9472,0,932,1151,1048
2013,Vermont,253234,"fuel oil, kerosene, etc.",42192,11779,111011,38339,44411,257,648,3630,967
2005,Alaska,233252,utility gas,110812,25844,82482,3279,6624,142,851,1830,1388
2007,North Dakota,271724,utility gas,109423,98409,17294,38960,1533,11,1629,2836,1629
2018,Vermont,261373,"fuel oil, kerosene, etc.",47328,14122,108961,44423,40731,819,532,3930,527
2019,Vermont,262767,"fuel oil, kerosene, etc.",48826,16723,108658,48270,34473,547,297,4727,246
2015,Vermont,254865,"fuel oil, kerosene, etc.",45256,12610,108532,40280,42271,263,735,4298,620
2017,Vermont,256629,"fuel oil, kerosene, etc.",47036,14035,107395,43339,38840,612,463,3997,912
2016,Vermont,254851,"fuel oil, kerosene, etc.",46388,14097,106498,42621,39455,571,695,3822,704
