year,state,total,male 5 and under,male 6 to 18,male 19 to 25,male 26 to 34,male 35 to 44,male 45 to 54,male 55 to 64,male 65 to 74,male 75 and older,female 5 and under,female 6 to 18,female 19 to 25,female 26 to 34,female 35 to 44,female 45 to 54,female 55 to 64,female 65 to 74,female 75 and older
2009,Alabama,781969,1206,2312,1247,5676,11306,22536,35969,154246,103710,1718,1717,1457,4399,12214,23232,44059,187870,167095
2009,Alaska,58787,175,120,238,505,798,1376,1508,15638,7641,134,119,181,477,823,989,2057,14797,11211
2009,Arizona,947737,440,1948,1460,3941,6618,16039,26124,201309,170885,840,1439,2181,3271,7943,19821,31310,229692,222476
2009,Arkansas,498358,783,1307,2376,4543,6346,13825,25910,97835,68678,499,1747,932,4407,7228,16706,26185,114681,104370
2009,California,4466388,15421,22305,10522,25412,40568,80673,129928,916323,721040,15466,22469,13478,23945,37891,72762,145580,1077152,1095453
2009,Colorado,579706,2628,2097,1018,3607,4851,9122,16076,132702,87111,2010,3365,1440,2572,5818,10215,16248,147527,131299
2009,Connecticut,505055,477,453,1109,2874,3352,8802,14216,106257,80633,604,548,722,2021,4116,9774,12605,124238,132254
2009,Delaware,139879,0,376,183,1530,1383,1858,4108,29344,22235,136,0,308,700,2154,2898,5651,35203,31812
2009,Florida,3416567,5702,8732,6003,12951,19980,50926,91637,677630,653427,4872,8612,5767,10580,22120,50043,102030,797615,887940
2009,Georgia,1172011,5894,6877,2737,6319,14326,27087,43815,251934,145926,3899,6115,3080,6572,13301,31103,55376,299628,248022
2009,Hawaii,190768,132,456,231,1140,1405,1777,4343,38634,35594,345,327,303,819,1171,1924,4278,44378,53511
2009,Idaho,208242,357,747,681,1133,2507,3626,8365,47543,33192,144,780,461,1397,1309,4499,7680,50107,43714
2009,Illinois,1695625,4601,6805,2888,7924,15061,32246,46653,353474,257779,3096,4433,3675,8945,18778,30664,49791,426891,421921
2009,Indiana,905115,736,2468,2472,4769,8976,20689,30042,192165,133954,1066,1877,1046,4604,8483,18400,31361,224523,217484
2009,Iowa,465302,223,1005,870,1557,3016,8725,12310,97755,77705,530,1121,490,2057,2768,8077,12348,112205,122540
2009,Kansas,394571,1077,1111,986,3132,3575,8746,10902,81136,63786,375,934,727,2859,4231,7135,13393,92852,97614
2009,Kentucky,688641,781,1748,1197,5568,9672,26475,37944,137666,89882,667,1163,2046,5209,7617,21013,34050,163436,142507
2009,Louisiana,642100,687,3250,890,5505,8880,18893,29896,127757,87494,274,2644,2552,4454,8402,15711,28897,156808,139106
2009,Maine,234942,120,766,609,1368,3213,7332,9424,49168,35470,64,374,606,2071,2772,5394,8862,53859,53470
2009,Maryland,733131,1868,2548,1398,3380,6217,13621,17540,158139,109346,873,2116,1224,3350,7817,13916,22082,190581,177115
2009,Massachusetts,945612,286,2246,2749,7142,10205,19682,24718,190687,147871,776,1450,1410,4483,12158,18811,28609,228394,243935
2009,Michigan,1533461,1534,3217,3201,8939,19299,38992,56403,319407,226228,1408,3425,3113,10306,17277,37357,60616,369346,353393
2009,Minnesota,710463,1215,1625,1744,2853,6540,12473,19762,156042,114269,897,2355,1343,3911,6940,11284,19955,172907,174348
2009,Mississippi,460574,1332,1849,1636,2941,7812,17332,22849,88415,57263,1553,1619,1540,2511,6620,14502,24889,107985,97926
2009,Missouri,937197,1715,3476,1947,6420,11612,24468,34338,191892,138007,1662,3175,3527,5546,12150,25764,34707,222859,213932
2009,Montana,154093,448,735,533,697,937,2530,5000,35045,26293,0,122,913,803,1392,2545,4874,36753,34473
2009,Nebraska,252358,348,279,192,605,2270,4754,7022,52859,42416,349,399,103,1103,1855,4607,6896,59881,66420
2009,Nevada,330597,1132,1200,461,2040,2689,4626,9835,79133,55410,530,2033,138,1461,2413,5259,10755,84275,67207
2009,New Hampshire,194522,0,101,1358,1441,2352,3644,4421,42773,30328,250,543,752,1251,2865,3330,6497,47697,44919
2009,New Jersey,1239186,3854,3946,1664,4821,8523,22829,31347,253058,196187,4222,3181,2163,6828,11256,20922,35424,307026,321935
2009,New Mexico,301214,255,1136,416,1983,4241,7195,12951,63351,47600,686,918,316,1861,2368,5904,10716,73399,65918
2009,New York,2827256,4454,7582,5448,14835,27504,54245,85922,562275,437314,3101,8741,7107,15262,26905,55009,96916,697944,716692
2009,North Carolina,1371555,2443,2976,2300,8032,16796,31310,54856,285870,188418,3398,4732,2866,6418,13458,37116,65997,345474,299095
2009,North Dakota,97829,101,15,425,434,607,1454,2268,20390,17082,61,71,33,509,807,1520,2896,22834,26322
2009,Ohio,1754191,2696,5390,2556,9386,18257,38811,56264,361474,267756,2444,4819,3683,10235,19414,36306,55874,430790,428036
2009,Oklahoma,561843,1024,1873,1169,2317,5324,13135,21353,118880,80833,655,1619,1200,3081,7101,12206,25452,135285,129336
2009,Oregon,566619,152,1090,1004,2142,5908,8926,19764,124608,93471,901,1505,1042,2354,4331,9574,16887,139379,133581
2009,Pennsylvania,2079931,2043,3653,4188,9220,20232,40134,59139,412678,337612,1483,2647,3101,11094,20476,41483,62864,495003,552881
2009,Rhode Island,165597,337,773,458,835,1722,4023,5856,31183,26291,65,384,109,1210,2350,4485,4465,38681,42370
2009,South Carolina,732233,1392,2447,2556,5209,9372,17656,31845,150687,100059,2245,2648,1577,2584,10611,21533,32775,180598,156439
2009,South Dakota,122609,17,216,371,1017,619,1651,4282,25134,22127,19,427,335,919,1090,2194,3078,28857,30256
2009,Tennessee,1000263,7201,11742,3049,5835,9993,24661,40773,204394,131049,5341,9037,2580,6021,13548,27209,47800,238664,211366
2009,Texas,2792893,10622,10017,6140,17367,27239,58786,92436,595013,415536,8966,10576,6421,15872,27560,57798,103875,696621,632048
2009,Utah,270053,328,642,561,2600,1916,5051,6195,60887,46075,473,430,469,2250,2313,4315,5809,68738,61001
2009,Vermont,100453,285,147,276,757,916,1914,3841,21846,14918,15,152,377,740,1075,2681,3572,23452,23489
2009,Virginia,1060056,2367,4949,1922,8295,13321,22604,33866,231409,146958,3194,2372,1643,4170,12251,22505,38413,270520,239297
2009,Washington,888421,1138,3438,1096,5238,7714,18640,28091,198211,140137,1629,2405,665,3645,7786,16738,32345,213253,206252
2009,West Virginia,353339,932,762,795,2212,5826,13873,22833,69178,48088,659,1382,740,2645,3463,8673,15973,79511,75794
2009,Wisconsin,816162,1335,4172,1158,3696,6665,12396,21351,176970,132754,867,1965,1171,5177,7108,14168,21913,198899,204397
2009,Wyoming,73054,27,638,169,314,561,2050,2090,17011,11806,61,353,12,59,781,933,2016,17551,16622
2010,Alabama,797462,1384,2324,1405,5377,13443,22321,37319,163584,103784,1800,2913,1549,5593,11416,23554,40348,193616,165732
2010,Alaska,60762,499,542,0,335,454,1566,2090,15312,7534,222,246,414,466,1197,1212,2691,15978,10004
2010,Arizona,972938,1129,2853,1585,3931,7570,16000,28803,227397,159824,1827,2543,886,4546,6057,17341,29931,252187,208528
2010,Arkansas,513016,431,878,1218,3676,7239,15291,25284,108229,68739,881,1027,1010,3087,8067,16342,29359,120170,102088
2010,California,4621251,14136,24092,12569,23092,41236,77688,138663,963100,755958,10013,21397,12341,21534,36652,78366,151749,1138409,1100256
2010,Colorado,603236,1548,1869,1666,2121,6092,12359,16761,140489,91179,956,1509,1217,2211,5181,12044,18648,154237,133149
2010,Connecticut,534321,450,753,508,3196,5330,8763,14550,109887,87756,508,903,966,1324,3798,10985,16979,128600,139065
2010,Delaware,145685,312,87,248,916,1866,2828,4161,32434,21702,423,221,110,717,1462,4050,5685,36981,31482
2010,Florida,3527170,4405,9056,5646,10915,24676,53002,103904,758201,621015,3979,8581,4341,12824,23663,58279,114662,875153,834868
2010,Georgia,1206649,2214,5828,3475,6880,12824,28819,50834,264836,149618,2802,4751,2706,6379,14415,32502,60030,313425,244311
2010,Hawaii,206752,212,919,427,969,1299,2726,5868,45459,36613,209,955,560,492,1283,2488,4872,48695,52706
2010,Idaho,223252,500,564,651,2393,1235,4289,7649,52340,35208,282,910,144,1197,1847,4362,6966,55205,47510
2010,Illinois,1725807,2395,5034,4199,7410,14486,31189,50944,364295,267807,2699,6003,3912,6798,14715,30576,56030,432461,424854
2010,Indiana,944416,1039,1736,2196,4272,10979,21466,34288,200135,138989,679,1511,1735,5390,10860,23118,35643,233503,216877
2010,Iowa,483058,524,1014,1491,2239,3994,8580,12371,102046,81657,669,1061,708,2257,3898,7685,13651,115302,123911
2010,Kansas,413625,817,705,884,1381,4126,9559,12446,87324,67652,188,854,2036,2515,3912,8387,12771,97740,100328
2010,Kentucky,710670,1626,2641,1731,4424,9544,23050,44572,144555,91729,608,1911,1835,3517,10631,21477,38378,167836,140605
2010,Louisiana,657798,1193,1924,1855,4444,7333,20667,33347,135227,87029,1200,3467,1477,5492,7033,18611,29687,158812,139000
2010,Maine,243454,302,516,606,1524,3184,5491,10696,51751,36561,114,399,576,1135,3824,6157,10502,56068,54048
2010,Maryland,750622,1260,3089,1640,2782,5096,14616,23092,162020,112942,1339,2635,1464,3962,4498,12355,24438,191854,181540
2010,Massachusetts,959280,839,1670,2345,5233,8038,17802,23883,192440,156057,423,1863,2476,5524,9090,22362,29715,232116,247404
2010,Michigan,1577137,1977,3575,4916,8985,16505,38723,61366,330844,238446,2468,2935,4480,8504,17376,38870,61565,374079,361523
2010,Minnesota,741042,833,1279,1916,3235,7285,13358,20335,161324,121513,1211,1313,1574,3921,6671,13972,20352,182114,178836
2010,Mississippi,477802,896,1457,1412,3059,7897,13904,26074,95069,57990,517,1544,987,3038,6928,15607,30897,113919,96607
2010,Missouri,957947,645,1289,2567,5505,11357,27196,36954,202329,140643,841,1710,1081,5828,10315,22605,42033,231719,213330
2010,Montana,161213,29,175,180,615,1003,3108,6037,39015,26475,118,204,327,413,969,2474,5981,38940,35150
2010,Nebraska,260622,537,248,971,1285,1967,4060,6276,54972,44067,185,97,410,1527,2137,4356,7133,61920,68474
2010,Nevada,358711,1068,1456,740,855,3594,8391,12222,90450,54117,639,1199,628,1540,2920,7288,9965,95059,66580
2010,New Hampshire,199678,159,529,1070,705,2236,4687,5620,45046,30778,103,240,398,1305,2373,5621,6578,48856,43374
2010,New Jersey,1254010,2596,3878,1609,5106,9304,21072,30655,254355,203095,1991,3003,2436,4637,10383,22419,38902,310045,328524
2010,New Mexico,309147,506,1986,278,2241,2769,5626,12746,69709,48513,548,614,585,1643,2757,4617,12071,78101,63837
2010,New York,2825541,3366,7721,6892,14181,23560,58383,93642,562280,444113,2671,5824,4307,13997,27261,51607,95994,697772,711970
2010,North Carolina,1436831,1092,5579,2042,6088,12314,35295,65147,308983,191817,1658,2648,2245,6630,13658,35705,72235,366966,306729
2010,North Dakota,102998,270,190,295,541,816,1457,3659,21410,18893,252,277,346,153,794,1331,2281,23459,26574
2010,Ohio,1795241,2082,5006,2287,9357,17723,36654,57475,374485,277792,1899,3994,4945,9361,16320,40184,61493,439839,434345
2010,Oklahoma,580553,578,2046,1549,2190,7023,13837,22258,125085,84761,1426,1074,826,3760,6256,15366,22836,144200,125482
2010,Oregon,596927,733,2166,1005,2307,5484,11706,22074,131771,93829,680,1011,517,1866,4607,9973,20981,146628,139589
2010,Pennsylvania,2132143,1434,4211,3419,10027,16483,43756,69373,429062,349576,1559,2323,3767,8198,19776,42959,65288,506653,554279
2010,Rhode Island,169429,219,1074,348,2407,1848,4672,6110,31711,26573,245,561,502,1011,1440,3070,6238,38086,43314
2010,South Carolina,750052,461,1577,778,5083,9703,19012,33239,167355,95849,1227,1752,1692,2719,9674,20544,36857,195503,147027
2010,South Dakota,126721,258,279,507,805,1010,2385,3421,26657,22408,28,150,367,294,872,2480,4047,29801,30952
2010,Tennessee,1028395,4625,5610,1280,6391,12392,27910,43036,218783,132148,3525,6678,3688,7358,15969,27108,47765,253776,210353
2010,Texas,2913258,7669,12721,6755,16711,31498,63277,103421,638870,423305,8245,10291,6792,18226,29750,64767,110746,737123,623091
2010,Utah,274979,387,1169,484,2489,2492,4029,6021,62865,45788,257,504,393,1817,2022,4581,8720,70589,60372
2010,Vermont,105549,168,870,346,1009,861,2880,3447,22783,15425,75,157,865,1343,1595,2527,3764,24903,22531
2010,Virginia,1107837,3464,3927,2026,5208,11501,25834,42730,242960,156536,4048,4451,3435,5501,11439,23452,39387,278759,243179
2010,Washington,913447,618,3008,2810,4384,7640,15249,30726,207418,143736,719,1940,2044,4805,7479,15411,32175,225901,207384
2010,West Virginia,366539,382,1131,674,1302,4901,12047,24432,75181,49742,364,797,1112,2212,4918,8495,18986,83141,76722
2010,Wisconsin,845006,661,2375,1371,5149,7584,13998,22272,183280,139321,1238,2430,1791,3656,8102,15769,23069,203630,209310
2010,Wyoming,74064,16,28,244,31,343,1276,1764,18665,11847,0,40,28,196,717,1617,2239,18839,16174
2011,Alabama,822093,588,1932,1104,5822,12705,23763,42921,164467,106862,557,2291,859,4347,10435,27179,47054,200689,168518
2011,Alaska,64733,219,229,129,638,808,1097,3084,17542,8562,91,197,136,373,772,975,2396,16793,10692
2011,Arizona,1012217,1335,2891,2076,4089,6516,15575,31771,234697,168533,647,2048,1465,4814,10325,15350,34132,262802,213151
2011,Arkansas,526241,2171,2746,1035,3664,6709,15830,26998,107604,70413,2347,1648,1187,4589,7437,15383,28858,121319,106303
2011,California,4732721,7425,21689,15419,24041,32983,82177,141493,1006852,774680,9673,20835,12117,20652,35776,79248,153517,1172418,1121726
2011,Colorado,632159,1322,2278,1699,2951,5831,12048,20318,145530,94447,1548,3143,947,2973,5864,12840,20378,162449,135593
2011,Connecticut,542760,194,705,992,2863,5542,9895,14839,111987,90164,350,374,1245,1452,5316,10122,16584,132185,137951
2011,Delaware,150747,0,962,539,994,1633,2450,5403,33555,22229,310,39,320,1059,2295,3211,5134,38592,32022
2011,Florida,3637826,5236,10820,7103,16369,27103,62523,111658,777998,638510,4810,7922,4959,11091,24624,57448,112586,894653,862413
2011,Georgia,1255618,3719,6769,2692,9417,11648,31160,56453,274998,154476,4369,6757,3667,6299,11981,30955,58118,329300,252840
2011,Hawaii,211287,137,849,39,1117,1557,3055,6180,46814,35590,95,509,610,944,782,2481,6113,49393,55022
2011,Idaho,229991,407,226,749,1397,2115,3884,9407,54699,35785,107,130,317,1482,1501,3813,7842,57967,48163
2011,Illinois,1763445,2368,4974,3289,7894,15040,33308,54147,371471,274428,5206,5712,2637,8213,15018,28993,58150,440792,431805
2011,Indiana,960050,1371,1859,2232,6525,11316,20157,35893,202945,142825,1528,2464,2429,4607,10140,22807,36051,236176,218725
2011,Iowa,491076,555,864,744,2801,3835,9406,13736,103524,82313,687,1213,985,1667,3982,8052,15609,116395,124708
2011,Kansas,415323,478,1403,1031,1616,3593,8351,12681,86437,67439,844,1306,1257,2250,4617,7898,14033,98049,102040
2011,Kentucky,741567,752,3562,1660,6629,13564,26861,43951,150449,94874,1177,4192,1385,4520,9438,24789,37857,172650,143257
2011,Louisiana,677880,1714,2524,3507,4375,9710,18759,38291,139159,90273,1164,1888,1413,4616,6850,16334,32914,164707,139682
2011,Maine,248339,124,281,377,1555,3637,6670,9813,53283,38576,238,328,149,1465,3492,5982,9085,58149,55135
2011,Maryland,781162,1130,1883,2511,3406,5368,13715,20824,168636,118561,2002,3312,2078,4665,8302,14944,26831,198039,184955
2011,Massachusetts,986699,701,2372,2535,5518,8051,17818,28858,200676,157059,947,1432,2722,4988,10456,21678,32522,238162,250204
2011,Michigan,1617232,1813,4384,4792,12483,17096,40257,67423,337141,241169,2319,3822,3921,9762,20339,35121,68923,380709,365758
2011,Minnesota,752593,790,1755,1254,4894,5887,12909,21700,167531,123207,754,1611,1973,3645,5971,11887,20757,184759,181309
2011,Mississippi,485773,760,1401,1453,4143,6768,14078,27227,96310,59613,1015,1840,1439,4521,8429,17270,28342,113456,97708
2011,Missouri,981624,1877,2852,2542,5485,9844,26128,39298,205105,144111,1222,2105,1204,6253,11957,28060,42997,235892,214692
2011,Montana,168407,20,430,172,882,1632,3111,6987,39747,27296,154,452,392,498,1704,2472,6088,40835,35535
2011,Nebraska,269506,597,496,180,1307,1653,4679,9064,56896,44632,453,575,379,902,1996,5062,8777,63274,68584
2011,Nevada,372501,1214,1325,684,1055,3494,6965,13929,92384,57114,457,1439,645,1879,3586,6003,12706,96833,70789
2011,New Hampshire,206922,243,236,216,1756,1977,4852,7423,45641,31284,0,110,419,1640,3425,6056,7243,50208,44193
2011,New Jersey,1281038,2547,3630,2513,5972,9768,21433,37391,259689,206695,2760,4034,1865,5097,9266,22973,40173,315767,329465
2011,New Mexico,319608,539,416,848,2359,1562,8688,11530,71018,49657,349,854,760,2232,2383,7236,11995,83100,64082
2011,New York,2891941,4895,8291,6290,15944,25442,60200,96380,574921,447253,4374,7940,6343,15414,23701,59454,104229,711623,719247
2011,North Carolina,1489540,1595,2297,4615,7364,15499,35719,66071,322909,199683,2196,3062,2676,7485,15110,38127,74366,376996,313770
2011,North Dakota,101660,77,65,285,722,682,1733,2707,22136,18599,64,0,79,177,565,1047,3168,23927,25627
2011,Ohio,1834306,3072,7587,5455,11427,19190,37517,63937,380976,282036,2749,3654,4610,11456,18658,37916,68530,444223,431313
2011,Oklahoma,598425,1494,2252,1075,4450,5434,12210,25344,128800,85463,767,2040,1483,4061,6480,16289,27676,147156,125951
2011,Oregon,616690,377,1206,1970,3014,3695,9971,23442,139720,96486,649,1513,794,2566,3583,12675,20777,153937,140315
2011,Pennsylvania,2180834,2400,4982,3959,11475,18580,44086,76271,436616,352037,2305,5000,4485,12464,23574,46280,72711,510559,553050
2011,Rhode Island,173722,414,359,496,745,1410,4724,5680,32486,27315,52,517,337,1245,3145,4023,7901,39229,43644
2011,South Carolina,785775,1777,2633,2421,4005,9218,21381,36737,172218,101143,1316,2227,1128,5332,8378,22756,40453,200643,152009
2011,South Dakota,129027,193,258,117,442,1212,2157,4573,27705,21961,390,530,479,517,1483,1732,3460,30520,31298
2011,Tennessee,1051212,2328,4810,2733,4833,13288,27951,47300,224544,138332,3801,3315,4396,6888,14447,28749,50974,257349,215174
2011,Texas,3015446,9920,11386,8844,16046,28130,61651,108379,669170,436822,8750,10974,7793,15337,29825,63827,120407,767232,640953
2011,Utah,288825,213,1960,778,2284,2940,5776,7657,63529,47813,354,2107,548,2282,3653,4602,8580,71571,62178
2011,Vermont,107348,216,517,348,450,1079,2215,3376,24064,16039,63,261,371,670,1855,2802,4368,26028,22626
2011,Virginia,1137318,3057,5003,2787,4538,12445,24659,40724,248898,162130,3409,4930,1505,7697,11077,23525,46070,286310,248554
2011,Washington,962221,1151,2311,1742,7010,8906,17384,32038,220507,145903,1324,2249,1782,7119,9344,18535,35436,239155,210325
2011,West Virginia,374683,468,1391,601,2801,5322,14029,25790,76427,50528,21,268,1044,1640,4043,9900,19188,84973,76249
2011,Wisconsin,868134,1617,3218,1554,4786,6014,16645,25933,187922,141072,1883,2854,1745,4973,7410,15962,26080,207361,211105
2011,Wyoming,80184,57,275,380,554,503,1771,2720,19188,12455,562,401,481,267,1063,1351,1802,19920,16434
2012,Alabama,865333,2132,2595,3565,6253,8980,25132,46892,175965,108689,1583,2455,1476,6411,10268,29614,51929,211034,170360
2012,Alaska,70075,30,135,195,682,737,1018,3531,18684,9247,7,110,81,563,359,1324,2972,18940,11460
2012,Arizona,1056921,1333,2817,1833,4984,6359,15783,30746,248275,174301,1692,2908,2270,5288,7084,18333,31151,279483,222281
2012,Arkansas,533486,1319,2704,1743,3564,7465,14269,24150,113357,72414,1189,2041,1450,3364,7515,16391,29085,128838,102628
2012,California,4957813,11529,22594,13038,26249,37655,87919,148206,1069704,797920,10655,25702,12282,23326,35943,76742,167192,1249208,1141949
2012,Colorado,664803,1424,2044,1242,3407,6244,12706,19854,158023,97596,993,2305,1966,3228,6197,11633,21991,174575,139375
2012,Connecticut,557207,236,1320,806,2333,4079,8495,16815,119934,89247,580,1022,994,2717,3553,10144,17842,138254,138836
2012,Delaware,158412,36,722,124,664,1815,3003,6309,36003,23467,256,350,160,433,973,3613,6108,41462,32914
2012,Florida,3792667,6087,8916,6015,17383,24687,56405,112446,830909,652811,4887,8665,5815,19230,26386,60545,121422,954386,875672
2012,Georgia,1325762,3355,4743,4973,7161,13697,30469,59604,299248,164378,2290,4049,4580,7468,14316,31811,64783,347494,261343
2012,Hawaii,214586,178,195,391,946,765,2691,4665,48737,36886,325,585,375,425,924,2820,5487,53362,54829
2012,Idaho,241815,622,600,1244,1315,1887,5027,10271,57330,36748,157,445,704,1738,2157,5183,9114,59640,47633
2012,Illinois,1813880,2034,5145,2756,8770,14797,30926,57241,396099,277416,2667,4596,2473,7863,17608,32256,61260,460640,429333
2012,Indiana,1007393,2228,3142,2428,5150,11206,21776,41089,219306,144057,902,1851,2432,4828,10150,23729,41620,251022,220477
2012,Iowa,504709,591,1177,1189,2269,3805,8306,14972,108450,83222,837,971,1167,2478,5002,9220,15000,121204,124849
2012,Kansas,433408,1617,2580,887,1716,3859,7563,13101,92847,69355,1930,3105,708,2200,2998,8629,16381,103116,100816
2012,Kentucky,750673,1167,2750,2071,4213,10760,25288,43010,158560,94533,541,2489,1191,5120,10670,22468,38711,182588,144543
2012,Louisiana,693125,971,1976,2876,4064,7564,19615,35337,146380,92456,1200,2745,2130,4030,9004,14767,33730,171454,142826
2012,Maine,262009,295,492,637,2125,2773,6266,10875,57082,39229,228,372,428,2625,3166,7678,10571,61414,55753
2012,Maryland,809350,1671,2276,1878,4448,6850,14357,20683,178083,120233,1531,1634,2340,4516,5876,15571,27651,213787,185965
2012,Massachusetts,1024696,1133,1842,2138,7348,8972,19004,30662,211899,159583,889,1736,2199,6812,10743,20366,35230,252188,251952
2012,Michigan,1683264,1498,3837,4555,11547,21809,42692,71495,359653,246045,1817,3300,3532,9001,20223,39298,70549,406665,365748
2012,Minnesota,787735,200,1869,991,4009,6811,12582,24566,175657,126293,416,1294,1666,4701,6370,15405,24995,195505,184405
2012,Mississippi,505639,1139,1636,1771,4219,8076,15329,29257,101324,59348,1314,3027,2053,3554,6735,15637,30718,121077,99425
2012,Missouri,1012530,2229,1887,2335,5448,12171,25184,43246,217818,146365,1431,2276,2091,4940,10606,26261,44354,247160,216728
2012,Montana,176203,355,409,750,1466,816,3158,5673,43639,28212,31,197,238,605,1337,3987,6369,42840,36121
2012,Nebraska,275142,428,625,981,1570,2421,4238,9320,59558,45316,233,671,171,1085,2213,5979,8391,64690,67252
2012,Nevada,389445,452,692,776,2981,3786,5328,11228,101423,59493,673,1597,868,1648,3052,6347,14094,103616,71391
2012,New Hampshire,213376,85,459,566,1723,2342,4443,5550,49514,32176,235,450,750,1500,2747,4185,8180,52795,45676
2012,New Jersey,1333720,3473,4045,2549,8461,9899,20790,38054,280606,207252,2840,5089,3078,6925,11130,23034,41137,335988,329370
2012,New Mexico,339163,518,1588,1359,2092,4452,7873,15005,75230,51238,1135,1057,636,2525,3654,5471,13599,83967,67764
2012,New York,3003220,4358,10554,8303,17549,28535,53450,98187,616940,453885,4868,9048,7688,15860,27065,58755,110011,756177,721987
2012,North Carolina,1562379,1580,3476,3392,8971,16574,37641,66318,345348,206878,1696,2598,2275,6867,16576,41623,77844,404367,318355
2012,North Dakota,104367,52,50,301,448,1344,1574,3377,22940,18334,40,0,333,281,273,1308,2343,25217,26152
2012,Ohio,1899646,3433,6452,4639,11285,18238,40046,69310,406963,282493,3603,4943,3577,12478,20235,39201,71466,469215,432069
2012,Oklahoma,620791,2203,3240,1652,3768,6317,12393,26961,134473,87443,1968,3212,1516,3280,6864,15022,29712,154407,126360
2012,Oregon,645481,163,867,1215,2640,4212,10181,23952,150017,99812,306,574,554,2081,4409,9750,25472,166669,142607
2012,Pennsylvania,2223237,2214,5566,4390,11540,17296,42434,70662,459004,353787,2147,4391,4114,12060,21494,45722,78545,540465,547406
2012,Rhode Island,177073,113,542,520,806,1841,4214,6578,35578,26608,302,243,525,1040,1397,4159,8685,40916,43006
2012,South Carolina,815678,827,2735,894,4663,9469,20643,36662,184469,103808,764,2498,1380,2962,6945,21681,44088,214474,156716
2012,South Dakota,131331,299,484,573,1069,942,2406,4225,29368,21945,184,199,238,540,1275,2017,4345,30430,30792
2012,Tennessee,1088779,1702,2967,2568,5377,12209,28090,50212,239463,140252,1672,3992,2300,5581,16478,29644,54091,274650,217531
2012,Texas,3130939,4940,10605,7578,17865,31909,62654,116703,709885,447011,4131,10143,6832,16827,30019,67342,125211,809703,651581
2012,Utah,300580,834,423,432,2306,2771,4444,9648,69209,49245,488,935,605,1910,2432,5437,9647,76532,63282
2012,Vermont,112876,143,218,334,1581,1005,3264,4251,26016,16394,51,197,133,417,1208,2649,4169,27623,23223
2012,Virginia,1178866,3737,3555,2369,6505,11186,22320,40670,267368,163973,3563,4890,1920,6434,12500,23038,43357,309892,251589
2012,Washington,1009592,1404,2214,2378,4762,10350,18322,33236,235370,150975,622,4118,2343,7875,9721,18183,38764,256201,212754
2012,West Virginia,378606,185,860,464,2125,4280,11397,24141,82091,51100,107,536,771,2117,4927,9179,19518,88718,76090
2012,Wisconsin,909400,1889,3472,2642,5693,7129,17584,28689,198448,144577,1839,1702,2134,4072,9260,17482,29116,221784,211888
2012,Wyoming,84030,397,313,15,406,458,1220,3203,20581,13086,98,363,112,166,572,1672,3732,21123,16513
2013,Alabama,885836,1576,3921,2957,4397,12581,25194,43929,183093,111032,2457,4771,2688,5212,12134,29046,51055,217581,172212
2013,Alaska,70726,227,51,62,393,934,1379,2844,20006,9705,44,340,32,385,451,744,2555,19005,11569
2013,Arizona,1110875,649,2939,1630,4191,6570,16880,33777,260245,184603,1231,2551,2706,4850,7636,16281,37011,297221,229904
2013,Arkansas,554929,1521,1502,1053,4075,8320,14577,32381,115742,74960,376,1457,1755,3566,8358,16455,30864,134068,103899
2013,California,5150217,12625,26199,15545,29380,36308,77644,159497,1136406,812196,11790,23155,15722,24914,43227,78294,164304,1319094,1163917
2013,Colorado,705830,1550,2255,1508,4847,5012,10873,24753,171541,102109,1347,3074,781,2875,4414,12883,23823,187131,145054
2013,Connecticut,574408,377,2500,1103,2932,2714,10049,17968,123966,91360,592,860,1022,3021,3963,11819,17231,144492,138439
2013,Delaware,167490,269,296,649,634,1981,3525,6073,37690,23795,539,863,820,1277,1592,3463,6831,44031,33162
2013,Florida,3922889,4865,8854,7212,16217,28947,60597,120600,865728,675197,3495,8792,5459,16659,21328,62949,129031,991696,895263
2013,Georgia,1369604,3040,7096,3613,9140,16017,31640,57129,313285,169723,3353,7441,1660,6421,14810,29338,62097,371760,262041
2013,Hawaii,227950,107,322,494,1104,2267,2673,4760,54333,37873,49,277,215,1018,1707,2536,5079,57588,55548
2013,Idaho,250377,462,369,333,1242,2283,4273,10145,61354,38809,405,355,737,1289,2748,4261,8722,63289,49301
2013,Illinois,1862296,2590,5039,4610,10503,16661,31003,58807,409955,283822,3109,6092,2584,9351,17388,30579,64569,479348,426286
2013,Indiana,1039650,1165,2598,2329,7701,11087,24134,40813,228931,147612,2038,3022,2746,6124,10336,25018,42262,262604,219130
2013,Iowa,515858,757,1776,806,2908,3372,9125,14600,113225,84320,421,754,634,2532,4096,9891,16685,125260,124696
2013,Kansas,441599,667,1103,877,2133,4257,7861,14742,96560,69874,509,404,634,2046,4500,8457,16085,109057,101833
2013,Kentucky,769884,749,2076,1779,4403,12243,22780,41392,166537,97300,1046,1737,1814,3655,11162,23513,43540,187556,146602
2013,Louisiana,710010,1031,2921,2448,5647,9024,20858,34353,151266,92305,1573,2398,3084,5617,7300,18113,35054,174554,142464
2013,Maine,269953,184,657,658,2594,2539,6454,11064,61230,39168,75,359,590,1835,3278,6478,10981,65813,55996
2013,Maryland,839026,1534,3094,2182,4503,7270,14473,22709,189738,124239,1470,3052,1920,5314,6805,13440,26580,224801,185902
2013,Massachusetts,1049367,469,2732,1937,6160,8888,17834,31482,224279,162830,493,2741,2404,4522,9361,24379,30639,268194,250023
2013,Michigan,1717407,1301,3472,3944,11490,16750,39456,72907,378182,248703,1114,2715,4264,11203,17138,40367,74906,423786,365709
2013,Minnesota,800817,1108,896,1876,4654,6137,11454,22902,184885,129225,676,1610,1845,5005,5292,12364,22051,203099,185738
2013,Mississippi,510856,1576,2319,1793,3541,7000,16990,28081,103936,63300,682,1493,1007,2993,7119,15193,28908,125778,99147
2013,Missouri,1032371,1075,2620,2637,6101,10113,25837,45282,222522,149327,838,1301,1946,5847,12434,26086,43072,257955,217378
2013,Montana,180734,73,569,334,822,1365,2224,7116,45764,28794,377,104,197,154,1473,3197,5869,45020,37282
2013,Nebraska,279401,760,790,754,1033,1728,4061,7972,61691,48047,332,604,600,886,2612,4676,7869,69103,65883
2013,Nevada,412184,101,1265,954,1180,3521,7038,13234,105233,61294,441,567,716,2021,3801,8189,15477,111082,76070
2013,New Hampshire,221973,84,354,895,731,1369,6194,7293,51210,33092,0,188,273,1162,2646,5167,7858,57440,46017
2013,New Jersey,1356942,2930,2154,3149,5700,9627,23268,39611,291086,209399,1665,2607,2022,5576,12504,21993,45022,349053,329576
2013,New Mexico,355952,802,4193,998,1691,4437,8450,15053,79057,52448,688,1434,731,1979,2762,7414,16229,88960,68626
2013,New York,3075386,6594,8650,9995,16901,26983,59501,99674,637766,463581,4272,9456,6544,14359,28972,59361,115491,780883,726403
2013,North Carolina,1619153,1225,3982,4787,9171,13412,34410,67950,367082,214047,981,4376,2310,8030,17151,39639,78929,424782,326889
2013,North Dakota,105436,430,103,103,615,334,2211,2540,23397,18861,36,0,246,169,861,1246,2920,24500,26864
2013,Ohio,1920962,2312,4599,4701,12756,16856,36609,70120,420914,288255,2407,5377,3858,10673,16484,37551,67962,487763,431765
2013,Oklahoma,632080,1734,3132,1762,4792,6371,14316,26544,137169,91094,1358,2974,1821,4031,5011,13957,30604,159815,125595
2013,Oregon,677264,769,1604,1278,3420,4127,10245,25603,160262,101365,631,671,1223,3512,4903,12812,27541,176677,140621
2013,Pennsylvania,2276939,2635,4752,4347,11530,20288,40091,77933,484402,356161,1230,3404,4946,12823,21274,43911,80895,558915,547402
2013,Rhode Island,179391,148,269,296,1487,1951,3317,6278,36930,26331,0,302,776,1318,1682,4898,7059,43639,42710
2013,South Carolina,844520,1408,2646,1517,5131,7868,18728,38130,196441,108074,972,2985,1206,3061,6547,20102,42611,225893,161200
2013,South Dakota,134411,10,528,314,1464,1030,2020,4851,30191,22549,0,221,102,680,1229,2852,3851,31145,31374
2013,Tennessee,1111273,1305,3604,3550,5981,11285,26277,51214,252124,143677,712,2626,2655,5161,13595,28032,55926,284667,218882
2013,Texas,3274749,6033,13077,7046,18200,34634,64098,114449,750536,464736,6653,14018,10045,18674,32019,66200,133708,855841,664782
2013,Utah,312237,325,886,1370,1733,3701,5654,9247,73341,50516,181,489,339,1822,3478,4366,9851,80678,64260
2013,Vermont,117899,84,433,342,2051,1519,3138,4390,27856,16614,43,184,251,1122,998,2578,4192,28913,23191
2013,Virginia,1235733,2878,5065,2479,7504,11161,23292,40989,283416,170046,3542,5854,1601,7791,13320,27508,48143,324970,256174
2013,Washington,1050356,816,3080,2772,7330,7517,18361,34116,250021,157221,1075,2375,2431,5928,9992,17017,40202,275672,214430
2013,West Virginia,389542,490,138,1263,2066,7262,11219,23845,85166,52256,321,1412,799,2460,4132,8468,20566,90938,76741
2013,Wisconsin,940405,1747,3168,2369,5128,9722,16341,29048,212678,147234,923,3438,2066,4786,9661,18003,30465,230894,212734
2013,Wyoming,83814,291,63,471,262,794,1290,2230,21972,12489,279,336,348,161,617,953,2534,22226,16498
2014,Alabama,896114,609,2039,2146,6353,10669,22153,45144,191874,117027,518,2456,1196,5825,12124,25930,51328,223812,174911
2014,Alaska,75107,0,113,511,941,890,1126,2724,21281,9479,175,480,64,112,555,1501,2613,19636,12906
2014,Arizona,1162954,1172,2387,2887,4969,6577,15036,32914,275370,192077,570,1730,1784,5066,9585,18991,41206,311149,239484
2014,Arkansas,553110,620,1025,982,3856,5474,14327,28101,119651,76519,651,666,2069,3593,8746,15418,28811,137290,105311
2014,California,5370026,11860,23977,15638,33952,39565,82059,166160,1190381,838333,11525,23863,16323,25727,39681,78373,186646,1395856,1190107
2014,Colorado,732018,1001,2520,1756,5437,5778,11622,23231,179942,106122,876,1767,1073,3507,6321,12071,23789,199399,145806
2014,Connecticut,580387,328,750,1235,2491,3296,9150,15737,128375,91734,111,949,1055,3361,4314,11850,18690,148430,138531
2014,Delaware,170976,730,286,662,1486,1084,3710,4413,39845,24984,245,308,730,709,929,3726,6784,47147,33198
2014,Florida,4083958,3762,10920,5582,18328,29387,60175,123687,908774,700792,7057,9089,4849,14514,27652,63180,129836,1044073,922301
2014,Georgia,1450002,3336,6826,4157,8459,15495,32984,62064,332447,175025,2954,4711,2776,7840,18167,33629,71431,393441,274260
2014,Hawaii,233713,623,1234,615,937,1246,2474,6375,54550,38603,233,739,470,1363,1238,1371,4962,60380,56300
2014,Idaho,259848,518,482,811,1398,1882,3541,8216,66220,39615,88,605,424,1629,1950,3537,9642,68081,51209
2014,Illinois,1912465,2417,3663,3511,9083,15496,30334,62791,426884,286885,2092,5276,3357,11027,14203,31983,67381,501610,434472
2014,Indiana,1067088,1894,2517,1884,6681,10814,23516,41683,235363,151219,1198,3001,3121,5579,13153,23161,46014,273002,223288
2014,Iowa,522869,550,940,1477,2899,3722,9200,15400,117725,84599,548,844,1365,1786,2823,8173,15022,129976,125820
2014,Kansas,457532,694,805,1015,2115,4297,8706,16119,101426,70173,983,1230,1539,2446,4258,8831,16389,112013,104493
2014,Kentucky,801662,463,2511,1425,5161,11099,25905,45797,172780,100604,576,2169,2820,6131,10302,23756,46078,196299,147786
2014,Louisiana,737621,1177,2176,1921,4847,10390,17177,41136,160102,95948,924,2746,3046,5221,7809,18323,34677,187101,142900
2014,Maine,278134,305,462,454,2049,3787,6939,10611,65033,38758,235,641,432,1532,3611,7027,10455,69581,56222
2014,Maryland,875751,2409,3510,2251,5182,5822,13404,27897,196268,127824,1327,2975,3817,6414,6106,14426,28093,237347,190679
2014,Massachusetts,1082800,644,2978,3746,5663,9525,19571,34243,237335,162416,736,1880,2116,7541,10182,20189,35162,277892,250981
2014,Michigan,1784789,871,3519,4175,10739,21029,40387,77600,392864,250311,1141,4959,4683,12594,21200,41176,82507,444952,370082
2014,Minnesota,827645,710,1250,1077,4860,6252,11786,25360,193931,131061,669,937,2241,3397,6045,11994,24313,213261,188501
2014,Mississippi,529957,531,2228,1695,3417,8193,13667,29176,109239,65535,733,1241,1257,2742,9738,16490,31780,128054,104241
2014,Missouri,1075133,1056,2674,3026,6663,11150,28633,48121,234602,150639,645,3124,1578,6743,13344,27577,48868,267243,219447
2014,Montana,189299,260,255,261,1588,1173,2715,6900,47973,29446,253,89,112,401,1608,4461,7051,47574,37179
2014,Nebraska,287988,356,565,488,1855,1704,3825,7966,64603,46789,0,394,723,1432,1806,4244,10746,72048,68444
2014,Nevada,437426,594,1702,1311,1443,3531,5566,13759,112949,65126,910,1087,860,1587,3868,8921,15313,120810,78089
2014,New Hampshire,228227,32,554,178,2428,845,3416,8234,54748,32553,312,637,393,1306,1617,5629,8007,61103,46235
2014,New Jersey,1379295,1391,3567,2767,6736,10961,20048,41125,301500,210919,1167,3515,2607,6637,8634,23272,40337,364176,329936
2014,New Mexico,364764,523,1121,691,3173,4980,6724,14850,83130,52600,242,1441,818,3946,6145,6191,14341,91215,72633
2014,New York,3138240,5783,8861,7418,16921,25728,55509,98428,669080,465477,6674,9177,7718,18749,30889,59156,115383,808559,728730
2014,North Carolina,1677347,1225,3856,3512,10677,14466,34632,70188,385324,219819,2244,3363,2804,10621,15020,40536,75874,449014,334172
2014,North Dakota,109144,114,237,556,326,921,1368,2914,25930,18313,70,334,273,450,453,1571,3113,25845,26356
2014,Ohio,1995686,3983,6999,4318,12009,20250,37138,74961,438158,292313,3037,6070,4554,11957,20956,40205,77583,506447,434748
2014,Oklahoma,647135,3167,4404,2603,3939,6464,12046,26736,141625,91316,1643,3793,2774,3811,6418,13885,28557,162855,131099
2014,Oregon,704087,458,1221,1478,4275,5867,10181,24435,169018,105529,628,1159,2220,4049,4431,12753,24532,188043,143810
2014,Pennsylvania,2328779,1811,4381,3852,13108,18127,43902,80475,502808,357759,1385,3975,3708,12388,18625,45124,81178,585837,550336
2014,Rhode Island,184895,172,508,1053,1451,1360,2975,5940,38732,26354,0,152,304,1796,2112,4832,8715,44708,43731
2014,South Carolina,886576,568,2319,2814,5267,8619,16273,39459,208882,113528,714,1638,1670,3573,9502,21233,44453,242515,163549
2014,South Dakota,136875,0,282,532,794,1220,2163,4315,31884,22170,434,340,715,355,1544,1581,3273,33559,31714
2014,Tennessee,1149131,1259,3438,2520,6618,11626,29350,52065,261464,150705,966,1976,3257,5212,12932,28096,56056,301275,220316
2014,Texas,3419013,6629,13018,9569,18728,34259,65898,127517,781128,482066,6511,13401,7955,20782,34647,67822,136027,903869,689187
2014,Utah,325372,302,1484,851,2626,4529,4790,8799,76798,51845,257,850,661,1787,3074,4680,10671,84568,66800
2014,Vermont,121955,7,149,659,474,1011,2107,4732,29225,17399,293,566,342,717,1427,3196,5182,30600,23869
2014,Virginia,1253543,2673,3828,2775,6144,10542,23856,42788,292182,176930,1855,3567,2335,7151,10283,21622,46396,339321,259295
2014,Washington,1096115,989,2415,2496,6970,8276,18706,37654,262650,160364,757,2216,2283,7498,9086,20596,41829,292511,218819
2014,West Virginia,398261,92,1517,1012,2155,5170,12200,24320,88272,53814,44,724,354,2987,3777,8941,20347,96074,76461
2014,Wisconsin,966945,1159,2771,2483,4590,6577,18971,33489,220737,149638,919,2707,1972,6039,8121,17783,31669,242789,214531
2014,Wyoming,86100,44,69,848,911,425,1386,2733,22286,12618,0,235,244,197,1230,1127,1998,23034,16715
2015,Alabama,925655,386,1808,2826,6882,10485,25299,48890,196902,116261,1386,1786,2429,6347,12628,25072,53860,232494,179914
2015,Alaska,77229,30,300,903,562,428,1480,2108,23000,9921,114,13,243,424,638,1087,2398,21458,12122
2015,Arizona,1222730,1619,4823,3724,7352,8884,17065,36298,285588,201949,1979,4451,3011,7091,6125,16085,40085,328099,248502
2015,Arkansas,577864,866,1279,1304,3683,8262,14423,28644,124453,76183,617,1823,1608,6068,8880,18195,32807,141800,106969
2015,California,5593326,10955,23848,18947,33051,42917,78296,175431,1253566,867984,9584,22656,15727,32051,42397,83375,190586,1469624,1222331
2015,Colorado,768563,1774,3083,1811,4314,5797,8628,22698,195056,109733,1991,3025,1944,3122,5572,10539,28070,212915,148491
2015,Connecticut,589312,317,1756,1093,2470,3811,9796,15576,132602,92707,274,1409,1055,2601,4897,9805,17670,154479,136994
2015,Delaware,179200,137,558,812,1128,1669,3216,7123,41542,25829,345,816,291,1237,1985,2281,6891,48377,34963
2015,Florida,4232172,3173,8183,9281,18529,25054,59804,136229,941188,724173,4199,7896,6007,14832,28692,58804,139149,1096797,950182
2015,Georgia,1484108,1997,5718,2915,7358,16484,31500,58154,347000,184424,2070,6203,2571,7078,15163,31858,69453,414850,279312
2015,Hawaii,239798,65,311,401,1167,943,3296,5727,57304,39655,221,335,374,956,975,1600,5451,63731,57286
2015,Idaho,273459,276,440,629,1143,2673,6411,9706,68011,42031,156,467,160,1357,3110,3713,8433,72935,51808
2015,Illinois,1948739,2258,4948,4636,10157,14540,30244,60780,445898,287565,2695,4442,4303,10092,15069,30102,66424,517789,436797
2015,Indiana,1091160,1879,3030,2309,7753,12074,21123,43236,245507,150752,846,2679,2354,6373,12832,23652,45896,282758,226107
2015,Iowa,535749,430,1840,1059,2871,3323,7198,15691,122319,86567,635,1938,1062,2701,4534,8606,16415,133908,124652
2015,Kansas,457964,278,702,1025,2438,4559,7906,15014,103141,70848,92,440,677,1995,4841,7950,15737,116905,103416
2015,Kentucky,826296,758,2645,2902,4702,9792,23624,50792,180778,101332,1556,3353,2146,5076,11699,26458,45281,203291,150111
2015,Louisiana,766296,985,2342,1842,7267,8638,21081,40350,164420,99045,715,2499,2210,5947,7865,17573,38937,193668,150912
2015,Maine,288341,228,484,521,1662,3291,5539,13308,66472,40291,267,511,524,1938,3061,6591,13847,73693,56113
2015,Maryland,903929,1873,3937,2190,5393,6282,14419,25148,205516,128373,2639,2939,1652,5170,6824,15733,34686,246058,195097
2015,Massachusetts,1105145,565,1895,2620,5940,8833,19101,34684,247321,163383,1079,1443,1720,6450,8542,18702,40505,292276,250086
2015,Michigan,1820177,1352,2813,4962,10999,18021,38624,82340,407974,255996,1745,3095,3184,10197,20505,39107,84364,460685,374214
2015,Minnesota,859882,457,1874,2088,4084,6504,12193,25205,205446,135730,104,816,1824,4482,7037,10993,27526,225822,187697
2015,Mississippi,542534,711,1168,1756,2655,6876,15372,32209,113407,66861,904,874,882,4312,6914,16987,31912,137336,101398
2015,Missouri,1080293,1346,2826,3138,7756,10911,23706,46884,235681,153764,556,2559,1955,4961,12280,25160,49694,274147,222969
2015,Montana,195834,42,556,607,839,1753,3084,6440,49994,31502,251,331,427,980,1308,3341,5839,50725,37815
2015,Nebraska,296217,225,1146,285,2579,2219,4357,8067,67391,47753,730,444,517,1448,2067,5378,8714,76415,66482
2015,Nevada,464377,1217,2078,1266,2028,4848,7324,15526,118441,68065,1132,2640,826,2063,4256,7322,18851,125238,81256
2015,New Hampshire,239242,248,224,708,1432,2012,3375,7992,59167,34788,201,291,302,1482,2725,5652,8414,62946,47283
2015,New Jersey,1419936,1733,4234,2549,7615,10587,20185,40511,312147,214899,2449,4438,4081,6717,8377,18758,50202,378092,332362
2015,New Mexico,377255,647,966,1323,2635,3097,7437,14253,86636,55332,1185,1064,487,2840,4283,8845,15014,98914,72297
2015,New York,3202195,3065,8427,8924,18025,25086,58862,103900,689314,478052,3729,6296,6978,15315,29628,57565,118911,838695,731423
2015,North Carolina,1742402,1632,3164,4340,10573,15751,38877,69552,394529,229680,2409,2906,2939,8683,17258,41009,87924,471342,339834
2015,North Dakota,113885,47,556,133,542,808,1299,4200,26264,18757,66,521,420,605,644,1347,3443,27668,26565
2015,Ohio,2037039,5007,5547,4975,11841,19753,37591,77982,455207,294868,3736,6234,4272,10758,18717,41079,78602,526735,434135
2015,Oklahoma,674906,4339,6417,1716,3522,6473,14722,28934,145004,94776,3215,5507,1979,4678,7236,14974,30712,168512,132190
2015,Oregon,730541,146,894,1650,3686,6420,10954,24214,179624,107618,304,324,898,3175,4819,12973,28791,197719,146332
2015,Pennsylvania,2375223,1929,6623,4501,9814,18868,39378,80550,522886,360154,2334,4934,3705,13095,19276,42528,88024,610119,546505
2015,Rhode Island,185366,165,298,687,1077,1399,3338,5746,40921,27271,129,150,371,1805,1132,4514,7337,47710,41316
2015,South Carolina,917926,724,3118,2880,3811,9963,17290,37039,219923,117581,744,1680,1536,4531,8732,19291,47312,251924,169847
2015,South Dakota,144047,281,442,571,591,1514,1061,3904,34559,23099,408,103,238,1031,468,2528,5311,34961,32977
2015,Tennessee,1184277,3091,2835,4115,7663,11952,27866,49981,270749,154896,2236,4202,3166,7485,13621,27224,57275,307809,228111
2015,Texas,3536449,4792,14888,9805,20378,33921,62806,128071,820002,498001,6325,12196,9120,21358,31283,67309,143506,954309,698379
2015,Utah,336762,461,653,815,2125,4014,5557,9566,79366,53916,630,683,985,2299,3063,5542,10340,88794,67953
2015,Vermont,124369,15,123,151,934,1321,2809,4521,30087,17177,15,47,692,806,1127,2544,5055,32167,24778
2015,Virginia,1297840,814,4203,1652,8515,11590,22493,43198,307382,183348,1439,3713,2168,5856,10975,24250,46230,352393,267621
2015,Washington,1146575,802,4043,4036,9074,10126,17374,39478,279522,168012,1002,1955,1914,7274,10420,19927,42612,306377,222627
2015,West Virginia,403416,176,862,530,1829,5221,10256,24428,91181,54784,437,922,893,1790,4652,9880,19709,99398,76468
2015,Wisconsin,985843,1033,2854,2718,6029,8200,16227,29843,231491,151359,687,2867,1162,4427,9037,16758,31679,252593,216879
2015,Wyoming,89168,279,364,328,622,402,884,2744,23517,13255,112,634,246,326,300,1052,3002,23370,17731
2016,Alabama,948245,760,2722,2966,6544,11518,23416,50872,202065,119185,1038,2561,2285,5876,12054,28623,52582,242069,181109
2016,Alaska,81362,225,231,703,435,325,1442,2680,24678,9960,87,165,323,610,510,1105,2266,23300,12317
2016,Arizona,1261235,610,2224,3434,5090,9400,14815,35340,302868,211498,892,2221,1695,4742,7740,14874,39513,345830,258449
2016,Arkansas,580132,770,1904,1208,4021,7126,15115,29547,125330,79485,587,798,1861,3417,7465,17101,28084,146227,110086
2016,California,5778129,17531,34205,21554,35583,43298,75721,177272,1303529,891519,14841,27497,18753,34564,39545,75536,192656,1527003,1247522
2016,Colorado,804069,1086,1920,2396,4425,5995,12192,25986,203049,113674,1203,2158,1649,3926,5356,12887,26429,225948,153790
2016,Connecticut,604970,237,695,1240,2883,3707,9772,16902,138941,92252,395,467,1646,2416,4272,8218,21019,159701,140207
2016,Delaware,180629,195,446,105,1389,718,2402,5268,43138,25796,195,619,458,746,1416,2742,6755,52111,36130
2016,Florida,4380312,3288,9012,7493,17164,27618,60107,130738,980094,748397,6172,7279,6846,18407,25908,63027,150286,1146282,972194
2016,Georgia,1557373,3551,10003,4053,6631,13671,30836,65251,360244,192272,4566,9474,4034,11156,17513,31534,72711,433469,286404
2016,Hawaii,246962,213,165,425,854,1566,3149,5687,61583,40202,97,283,454,907,1130,1310,5618,64688,58631
2016,Idaho,283303,390,556,388,1669,2732,4094,9289,70821,43633,329,845,842,1891,2934,4477,9001,75957,53455
2016,Illinois,1993912,1880,4195,4067,9457,14534,28521,65648,457812,294507,2340,5819,3175,9749,15733,30371,69647,535518,440939
2016,Indiana,1122900,1649,4755,3209,6137,13885,23858,44530,253347,155249,1135,2234,2504,6387,12301,24271,49001,291971,226477
2016,Iowa,545331,441,956,1300,2284,4260,7597,14883,126765,87397,343,1153,1249,2851,3745,6573,18380,139591,125563
2016,Kansas,475888,398,905,845,2018,4414,8164,15931,111247,71935,577,802,1340,1838,5153,8168,17585,122701,101867
2016,Kentucky,834191,1755,3364,1639,5669,11546,22891,44852,181739,104785,2052,2964,2613,5770,9709,21533,49503,208815,152992
2016,Louisiana,792934,975,3688,3332,6167,9101,19380,44696,172531,101168,884,2969,2089,4924,9714,18138,39919,203321,149938
2016,Maine,290904,267,789,692,2894,2997,6045,13161,68578,40473,152,410,332,1360,3207,5692,11979,75207,56669
2016,Maryland,934482,1532,3534,3112,5406,3988,13319,28123,210139,133530,2194,4186,2262,5040,8775,17304,34778,259294,197966
2016,Massachusetts,1122629,263,1267,1844,5369,7010,16083,32372,256504,168873,786,1540,1875,7074,9666,19985,35914,300912,255292
2016,Michigan,1847839,1750,4923,4774,9998,16825,39205,79981,424043,257988,570,3531,4153,11648,17825,36940,79578,477144,376963
2016,Minnesota,882345,569,1111,1810,3764,6525,11609,26299,213934,137725,320,1150,1434,3809,5308,13284,26697,233672,193325
2016,Mississippi,543950,503,1513,684,2888,6304,13976,29601,120508,64762,823,1163,779,4015,6288,16645,31290,138774,103434
2016,Missouri,1115348,1921,2760,2926,5937,13674,26051,46699,248458,155928,1308,1858,1808,6109,12985,25676,53794,281669,225787
2016,Montana,205605,160,626,313,1450,1199,2517,7534,53127,31593,27,60,509,993,1715,3637,8661,52698,38786
2016,Nebraska,299229,204,727,475,1734,2375,3741,7880,70653,47878,301,499,251,716,2155,3858,9220,78749,67813
2016,Nevada,476344,327,904,618,2342,2929,7383,14399,124554,70938,240,1581,916,2067,3526,7010,16343,131579,88688
2016,New Hampshire,248578,249,379,348,918,2411,6035,7878,60915,35912,150,509,192,1945,2818,4576,8860,66519,47964
2016,New Jersey,1450084,1058,3193,2034,6245,10236,19193,43451,324380,217250,1540,3611,1804,5658,10396,23596,50497,392084,333858
2016,New Mexico,383520,227,880,773,3169,3640,7351,13405,88581,57731,255,1420,147,2431,4554,6662,16024,101357,74913
2016,New York,3272312,4498,8130,9139,18938,26786,50403,111009,710603,483334,4730,8570,7562,17797,28212,60623,114711,865017,742250
2016,North Carolina,1803305,1220,5291,3323,10248,15838,37277,73584,413855,236962,2164,5522,2802,9944,19008,43336,86381,484956,351594
2016,North Dakota,115980,280,286,424,449,1388,2031,3206,27818,18617,364,296,466,284,514,1705,2706,28739,26407
2016,Ohio,2088455,3195,8728,5436,9474,19221,34807,81272,470921,301442,2509,4503,6256,11470,20512,39267,84704,544752,439986
2016,Oklahoma,685606,3387,7322,2744,5819,5954,12421,26916,149407,93935,3940,7159,2835,4029,6671,13798,30369,174530,134370
2016,Oregon,752776,235,1280,1388,4774,5433,9558,26637,184958,111716,343,1085,1152,3777,5087,11628,26180,207528,150017
2016,Pennsylvania,2420173,1441,5980,4863,12381,20188,41240,82798,541803,362891,966,3883,4390,13476,19890,44057,90043,628942,540941
2016,Rhode Island,197198,438,532,360,1831,1610,5351,7944,42742,27192,53,1012,70,2307,2020,4256,8341,48349,42790
2016,South Carolina,955009,889,1026,1407,5181,9389,19860,39796,228934,122978,652,1947,1422,4371,8295,18687,48236,265888,176051
2016,South Dakota,147170,325,403,761,425,923,1967,3778,35779,22277,137,268,425,776,1153,3541,4578,37676,31978
2016,Tennessee,1201984,1016,2852,3163,8215,12315,24217,53429,275761,160606,1965,1771,1812,6381,13153,26710,57169,319538,231911
2016,Texas,3620256,6239,11376,8210,22800,30634,60124,125443,853010,518133,4737,7407,7235,19927,32234,61606,134003,994521,722617
2016,Utah,344842,492,690,504,2224,2567,4898,9137,83951,54388,111,333,587,3492,3358,4893,9249,93250,70718
2016,Vermont,126733,85,102,388,774,1719,2215,4246,30989,17589,115,116,46,423,720,3250,5074,34395,24487
2016,Virginia,1337723,2214,3909,2365,6671,11441,21295,46191,317437,188633,3744,3805,2545,6204,9953,22301,45928,371605,271482
2016,Washington,1177485,1003,2507,3474,6803,8856,17434,39008,287731,172468,2054,1557,1155,7061,9812,19067,41456,324686,231353
2016,West Virginia,413238,125,743,1250,2458,5465,11335,24973,93589,55242,863,779,913,2560,3094,11245,19255,102846,76503
2016,Wisconsin,1012983,829,1874,2980,6089,6414,15069,30433,244084,154894,1048,1898,1947,4067,8444,16525,35709,261689,218990
2016,Wyoming,93726,9,0,243,499,364,1030,3483,25614,13408,0,115,340,307,588,1272,2760,25457,18237
2017,Alabama,971615,746,2589,2668,7943,12064,21888,52100,210981,120868,860,2415,2478,5483,13550,23247,59580,248806,183349
2017,Alaska,86745,0,111,331,936,495,1274,3000,27057,11267,47,8,172,34,554,936,2738,24594,13191
2017,Arizona,1292196,1193,2135,3525,4917,7286,15321,40797,308726,216959,615,1477,1437,3495,7945,15375,40491,354635,265867
2017,Arkansas,601979,2129,4106,2558,4319,8286,13617,29953,129621,80717,574,3553,2518,4780,6956,15592,33631,148216,110853
2017,California,5887168,15186,39148,22861,33077,40340,70559,165137,1337783,912806,16437,35738,21946,31508,39503,69598,182471,1580225,1272845
2017,Colorado,830007,1269,3558,2644,4611,5765,11462,23750,212272,117928,1805,3702,1951,3076,6343,9240,25781,236464,158386
2017,Connecticut,627833,94,2071,1763,2941,3386,8043,17151,142976,94693,0,1300,1466,3212,2614,9170,22876,168566,145511
2017,Delaware,189955,44,1076,96,736,597,1679,6820,45305,27652,730,511,80,859,2359,2565,7777,53712,37357
2017,Florida,4493924,4519,13445,6059,18871,26412,55569,128144,1003294,780569,5641,8904,6190,15213,27566,62111,149985,1184413,997019
2017,Georgia,1591311,4724,7762,2958,11159,13935,27429,60041,368664,204132,3878,10878,3279,8038,16058,30836,69740,447064,300736
2017,Hawaii,255189,0,680,209,382,1054,2145,4258,63879,43049,275,246,185,1137,477,2444,5086,68626,61057
2017,Idaho,294931,464,1300,872,2318,4718,3742,11031,73847,44378,325,1044,432,1212,2109,3787,10060,79179,54113
2017,Illinois,2048779,1316,5554,5282,9835,16176,26653,68352,474280,305223,1620,3731,3770,7915,15408,27203,68626,553915,453920
2017,Indiana,1141489,1017,3411,2752,7386,9389,20478,45531,262484,159686,1323,3192,2303,5193,11083,22118,47549,303648,232946
2017,Iowa,551800,301,709,1509,2383,3678,6998,17336,130533,87286,210,1012,969,1724,3008,8253,15899,144242,125750
2017,Kansas,483676,969,1782,930,2186,4250,5774,15611,114617,72637,790,1455,767,2856,4123,7999,17460,126783,102687
2017,Kentucky,852595,2019,4920,3356,8463,9261,22744,42122,187453,110014,2219,2820,3386,5821,8611,18889,49189,217328,153980
2017,Louisiana,795538,590,2627,2484,4292,7579,19416,36048,181855,102295,1540,2425,1719,4416,8795,17864,40117,207963,153513
2017,Maine,299966,232,1154,987,1687,2666,5333,12756,72764,42441,190,765,464,1662,3827,5636,11440,77401,58561
2017,Maryland,955586,2127,5034,3208,4649,6445,12700,27952,216508,140133,2078,2913,2117,5709,8040,12957,33118,266747,203151
2017,Massachusetts,1149719,998,2296,2887,5031,8243,12458,32599,264426,174152,1189,1327,2838,5432,7760,17332,36817,313379,260555
2017,Michigan,1874265,884,3229,4759,9911,15806,34256,75117,435627,270533,890,3379,3308,9975,16925,35298,79949,496047,378372
2017,Minnesota,912226,598,1039,1517,4938,7189,10300,28445,223717,141440,534,1595,1621,3278,7391,10909,27556,243755,196404
2017,Mississippi,561145,1177,1116,1256,2931,6102,17296,31223,119428,70280,187,1561,2155,2976,9294,13590,30218,145208,105147
2017,Missouri,1143589,1683,4001,2901,7590,11403,21043,49547,253409,163291,2399,3988,2029,5954,12330,23604,52135,295527,230755
2017,Montana,202911,436,229,296,707,1077,2272,6712,54784,32187,101,216,381,735,1318,2038,6022,54630,38770
2017,Nebraska,308286,342,608,1323,1332,1455,3157,8635,76010,48363,139,495,822,1282,1336,4578,9994,82074,66341
2017,Nevada,494926,388,1458,718,2801,2391,6564,13866,128914,75964,748,1867,1147,1937,2737,9526,17521,137982,88397
2017,New Hampshire,254062,219,724,717,1814,1877,5169,6866,63213,36341,266,157,1030,1142,2020,4857,9415,68822,49413
2017,New Jersey,1492057,1203,5164,4805,5595,9059,21876,44665,330482,228112,1280,2919,3626,4689,11030,22102,49362,400056,346032
2017,New Mexico,395964,233,1347,1297,2603,4662,6255,16834,92531,58315,18,879,1401,2520,3198,7736,15282,106701,74152
2017,New York,3381200,5195,8077,9357,15816,23904,48009,109141,736895,508008,3253,8220,8306,16016,25241,54015,126329,896795,778623
2017,North Carolina,1833434,398,3244,3684,7710,12473,34250,78808,429144,248310,1090,3178,3520,7146,14347,37346,78371,513336,357079
2017,North Dakota,113965,192,157,475,430,576,812,3211,27688,18758,42,325,82,406,622,1086,3134,29232,26737
2017,Ohio,2126769,2450,7176,6321,11744,18085,35407,76892,486778,307362,2419,4019,3826,11005,16399,40118,85833,560362,450573
2017,Oklahoma,693953,3141,5673,2377,4002,7842,12260,27251,154893,97459,2617,4550,1664,4732,6516,13111,31377,176782,137706
2017,Oregon,776064,568,1841,1537,3779,5158,8158,25578,194871,114850,311,574,1448,2759,6190,10100,28874,218616,150852
2017,Pennsylvania,2506222,3780,7021,5887,14729,22304,40946,85993,557833,373018,1934,6625,4940,14070,24325,47558,101125,640466,553668
2017,Rhode Island,188547,338,280,249,897,1115,2795,5281,43429,26649,368,740,770,1261,1028,3197,8386,48802,42962
2017,South Carolina,987111,831,2635,2244,3347,7588,19143,40337,235324,131429,1705,1305,1615,2361,8264,22585,47877,278785,179736
2017,South Dakota,150004,84,380,405,974,984,2060,3746,38781,22634,162,195,559,262,1058,2180,4538,38846,32156
2017,Tennessee,1231668,2327,4080,2481,4912,11168,26796,51133,281139,165102,3083,5972,2633,5034,15576,28014,56247,329605,236366
2017,Texas,3729666,7006,14264,7658,20292,31745,57264,129613,886940,530293,5123,12751,7982,17030,34050,59038,149000,1021053,738564
2017,Utah,356209,302,868,841,2404,1594,4573,8998,87254,58041,611,317,417,2151,3235,5424,10018,99631,69530
2017,Vermont,130311,403,223,687,1110,1017,2258,4382,32025,18375,36,818,447,706,766,1948,5171,35207,24732
2017,Virginia,1374591,3296,6303,2120,6951,11765,18193,43709,323037,197723,3101,4574,2063,5864,11531,24616,50373,378289,281083
2017,Washington,1211194,1349,3465,1547,5707,9594,14619,42206,301259,175911,778,2933,2462,5076,9654,17447,41377,337999,237811
2017,West Virginia,411024,0,274,578,1391,4952,9612,22742,94950,56015,21,591,476,1787,2772,9378,21323,104837,79325
2017,Wisconsin,1037874,1583,2773,2635,5219,6120,14687,32922,251337,156502,1499,3363,2450,4348,8517,14468,34351,274968,220132
2017,Wyoming,98250,93,132,81,407,593,1034,3288,26173,15025,120,29,18,338,1068,1394,3858,26722,17877
2018,Alabama,985028,1345,2729,2142,5594,8858,23415,46535,215435,129009,742,2825,1812,4035,11140,23708,56856,257426,191422
2018,Alaska,95396,368,130,369,674,1545,1238,3872,27690,12929,155,225,239,527,722,1259,2512,26820,14122
2018,Arizona,1354790,2198,4370,3598,6154,8167,16389,37930,318835,232113,781,3505,2222,4406,6541,17132,40429,367600,282420
2018,Arkansas,605711,1143,3218,2154,3897,7205,13789,29397,131565,84726,1216,2084,1940,4185,7350,17551,30358,151482,112451
2018,California,5948201,6490,21922,18471,28878,36895,65285,165657,1371906,945879,7836,19399,13826,24942,32452,64852,186499,1621355,1315657
2018,Colorado,859405,928,3161,1037,3339,5265,7624,25619,223296,125106,1144,2742,895,3784,6201,8399,29982,245494,165389
2018,Connecticut,633696,924,1498,1775,2636,2963,7127,16327,143720,101308,857,491,1627,2615,3115,9616,19293,167410,150394
2018,Delaware,198342,321,110,477,1663,1906,3010,6389,47340,29978,100,132,202,465,1479,3582,6761,55294,39133
2018,Florida,4631522,4149,15254,8741,17756,23338,52563,132500,1027578,821656,5371,9252,6231,13801,23993,54642,158143,1215079,1041475
2018,Georgia,1643902,1862,8109,6689,7817,16320,25656,64852,377484,217127,3461,7628,5109,8766,13457,31011,73158,462691,312705
2018,Hawaii,264184,83,772,661,892,1152,2707,4478,66608,43494,250,385,483,565,1280,1757,5901,70245,62471
2018,Idaho,314451,311,906,2205,2494,2256,5274,10429,78932,47841,298,941,603,1466,3177,3344,12195,83188,58591
2018,Illinois,2086580,1470,4676,4800,10053,11757,23735,62530,485335,316423,1056,4515,4139,6414,14963,30962,71410,564686,467656
2018,Indiana,1162591,670,2737,2626,7350,10807,17368,46119,269297,164335,1190,2360,2705,4937,9079,18526,50742,310266,241477
2018,Iowa,565650,190,887,1892,2006,3903,5215,16195,133702,90748,985,1467,564,2065,3610,7222,17820,148341,128838
2018,Kansas,497399,696,1889,1523,2524,4598,7050,15371,115561,75358,901,2163,710,2388,4598,7145,18175,129778,106971
2018,Kentucky,865673,1546,3621,3027,4562,8668,19456,45281,192895,113344,677,2885,1902,3989,10318,20520,48734,221364,162884
2018,Louisiana,826735,845,2718,2248,5396,9505,17146,40110,185258,106784,999,2511,2584,6376,8627,15754,43270,217391,159213
2018,Maine,305799,48,391,1138,1181,3895,5626,11185,73836,43416,120,499,381,1110,4020,5539,10764,82554,60096
2018,Maryland,985743,1930,6593,3664,3993,5838,12817,28225,222559,145234,1872,4883,2425,4815,9644,16777,31278,269199,213997
2018,Massachusetts,1187722,194,1487,3080,6263,7354,16237,33154,272009,178292,737,2216,2476,5155,8373,18690,40210,324045,267750
2018,Michigan,1939429,757,3980,4760,9832,16235,30650,79884,450526,282348,1488,3177,3702,6665,16279,35995,88473,510037,394641
2018,Minnesota,928689,67,1395,1552,4183,5883,11257,24765,230565,149504,255,1698,1181,3711,5509,8725,27444,251436,199559
2018,Mississippi,568738,640,2441,1146,3178,4511,10316,30474,124686,70300,755,1315,678,2730,9761,16524,33297,146950,109036
2018,Missouri,1166663,2621,4624,2699,6159,8862,20417,48039,258906,169858,2542,4246,1946,5333,11710,22678,54916,304827,236280
2018,Montana,216502,0,206,669,320,1380,2429,6624,58059,33989,14,385,533,637,1462,3180,8002,58022,40591
2018,Nebraska,319216,207,773,998,1132,2819,4042,8980,75900,50942,101,109,787,1425,2130,3312,9599,86278,69682
2018,Nevada,513960,191,2099,1100,1705,4092,8104,18241,129103,81329,304,856,693,1928,2912,6927,17874,141973,94529
2018,New Hampshire,265382,264,466,596,1864,2499,4486,9579,65320,38871,0,325,631,1154,2173,4367,9874,70530,52383
2018,New Jersey,1499940,1368,4023,5039,5150,6566,17572,43192,331868,236309,1224,3620,2840,6018,8621,17691,49414,407039,352386
2018,New Mexico,412556,502,2030,2372,1934,2726,4832,15635,97608,61512,147,2087,673,2636,5619,6378,16674,109345,79846
2018,New York,3433989,4029,8624,9339,17226,24802,52762,106588,756697,514818,2570,8180,9150,16287,23020,52211,127416,911155,789115
2018,North Carolina,1891335,783,3953,4424,9121,14872,32976,65649,438691,261830,1493,2521,3429,8209,17231,36872,87916,524308,377057
2018,North Dakota,121498,133,718,175,379,1020,1094,2590,29848,19992,94,452,308,439,467,2443,4314,30275,26757
2018,Ohio,2171835,816,4252,5641,11526,18482,31554,79595,501517,319260,1676,5315,3784,10238,17842,36972,83437,577072,462856
2018,Oklahoma,703580,2262,5537,1813,4958,7705,10793,27296,157178,101286,2659,4761,1496,3965,5970,12400,30676,182772,140053
2018,Oregon,797879,451,1191,2462,3430,4558,8131,25116,198947,122117,182,1635,1150,3826,5363,10014,26817,224598,157891
2018,Pennsylvania,2506616,1883,5719,5640,9051,17624,35360,83364,571026,383947,2076,4152,5181,9400,18559,39763,88139,659125,566607
2018,Rhode Island,199087,218,307,473,716,1524,4390,6557,45289,28500,205,405,506,943,1563,3860,7497,51404,44730
2018,South Carolina,1016848,649,1868,1869,4495,8299,16714,39978,241442,139272,1575,1726,2787,3339,5892,19070,46212,288736,192925
2018,South Dakota,154928,155,323,316,378,1691,2531,4589,39861,24089,173,892,364,353,885,1796,5202,40059,31271
2018,Tennessee,1263326,1932,3427,2471,4687,12030,26121,54149,289055,175531,2103,3103,3457,5143,12000,23693,62384,336419,245621
2018,Texas,3868474,7430,19412,9389,20392,29590,57711,128965,916350,559347,7132,14790,7348,19765,34917,59896,143226,1066173,766641
2018,Utah,372833,1115,1519,526,1486,3203,4833,9258,91719,60947,952,1387,615,1614,3601,4036,10953,102496,72573
2018,Vermont,133825,0,199,0,1227,1409,2193,4738,35125,19311,172,0,42,261,788,2303,4349,35683,26025
2018,Virginia,1430606,1819,4308,3821,7036,8843,21706,43392,332015,212360,2131,5326,4185,6337,11362,25799,53389,390933,295844
2018,Washington,1259647,1506,3236,2205,5955,10035,17332,41004,312177,186908,904,2672,2342,5375,8287,17895,43008,353048,245758
2018,West Virginia,423915,369,1051,687,1787,4813,10388,24727,99171,58065,209,1267,1376,1354,2445,7343,21404,107625,79834
2018,Wisconsin,1075136,1991,4314,2220,4218,7355,12660,31911,263713,165391,1638,4359,2044,4540,7275,16839,35563,281866,227239
2018,Wyoming,102183,302,116,51,899,220,1015,2403,28070,15916,17,257,80,661,580,1178,3285,28234,18899
2019,Alabama,1002797,1309,4032,3110,4073,9979,22515,41919,218637,135342,1702,1967,2719,4503,14305,19813,59853,260825,196194
2019,Alaska,98749,447,90,676,256,767,908,3568,28888,12221,189,1351,83,1253,704,1233,2849,28163,15103
2019,Arizona,1413075,3393,6549,4105,5717,11105,13737,37425,328009,247255,3631,6813,1071,4960,9013,13015,42706,380899,293672
2019,Arkansas,613935,513,1581,1653,3292,8074,13150,31695,131432,87151,639,1115,1942,2780,6309,13001,34531,155477,119600
2019,California,6099834,9841,26236,16951,31125,38892,58727,162866,1418874,975968,7419,23921,14906,23760,35638,61270,177898,1670657,1344885
2019,Colorado,885809,834,2354,1792,5366,4847,8795,20736,231017,130427,663,1668,1810,2375,4410,10695,25253,259241,173526
2019,Connecticut,648391,0,835,958,2417,3323,8236,18823,146765,105782,45,745,1307,2791,2876,7619,21427,173190,151252
2019,Delaware,206721,150,413,387,1560,1150,2806,5475,49420,32239,44,312,935,814,2162,2202,6832,58234,41586
2019,Florida,4782128,3923,10807,9081,20220,26771,52742,140488,1049916,856136,4428,10969,5491,15492,26562,57789,157940,1246326,1087047
2019,Georgia,1705477,5601,5844,3042,10080,11738,27487,61992,388969,232036,4975,9022,4537,7504,13931,32976,75261,480463,330019
2019,Hawaii,275116,154,382,252,1420,1199,3286,6103,67960,46508,358,249,116,863,1568,1343,4931,73416,65008
2019,Idaho,316938,314,665,792,1498,2546,3510,12380,80580,50734,0,572,323,556,2244,4501,9880,86326,59517
2019,Illinois,2147220,2166,6299,4412,10647,15094,24468,68362,499126,324916,2351,4243,6125,6827,13363,27390,70700,583409,477322
2019,Indiana,1196696,2198,3490,3009,5781,10245,16492,42883,277516,170271,1841,3176,2257,5394,10597,22477,50539,322914,245616
2019,Iowa,586776,800,1277,1880,1632,3686,6932,18978,141042,92461,267,953,1649,2509,3154,7154,17879,153773,130750
2019,Kansas,507608,496,1553,1473,2137,4274,5102,15194,120828,77746,57,604,720,1867,4224,7413,18306,136795,108819
2019,Kentucky,898979,785,2563,2499,4088,10239,21788,53315,202953,117399,973,2754,2773,5581,8696,20223,47489,231196,163665
2019,Louisiana,848218,492,2372,3719,6773,7604,16673,39804,193071,112740,190,1325,2188,4741,7709,17160,43481,224144,164032
2019,Maine,315077,196,411,1026,2559,2311,4254,12729,76347,46853,57,398,429,1288,2381,5463,13011,84842,60522
2019,Maryland,1018034,2284,5645,2493,6952,7615,14152,27607,227584,150991,4698,5045,1824,5188,10144,13895,33933,279214,218770
2019,Massachusetts,1221010,353,3004,3049,6361,7845,15734,32848,280068,186145,327,1765,2988,6073,10114,18461,38530,332848,274497
2019,Michigan,1988482,2197,4632,4723,10945,15146,32348,77839,463766,289583,1231,3436,4559,8504,18889,36546,82908,528411,402819
2019,Minnesota,955203,467,1546,2496,5245,4862,7287,25746,237818,154415,231,1137,2059,2654,5281,7931,26303,262823,206902
2019,Mississippi,573317,393,1708,1772,2618,8189,12301,25869,125463,75447,387,1726,857,1904,6595,13520,32493,151551,110524
2019,Missouri,1176229,1422,2870,2923,5127,7870,17422,45000,264076,174596,1508,2173,2339,4386,11014,23142,55137,311994,243230
2019,Montana,224014,206,70,663,834,1686,2610,6450,59215,35947,311,97,348,668,1613,3275,6720,61980,41321
2019,Nebraska,325697,597,793,1073,1718,2977,2750,7379,78987,52184,324,446,779,1221,1663,3887,9476,89151,70292
2019,Nevada,531159,476,699,991,2353,3076,6770,15957,134506,86306,130,765,822,2150,2851,5452,17960,149986,99909
2019,New Hampshire,271114,272,694,659,1168,1724,2710,8042,67893,39258,45,215,377,1589,2551,4255,10283,74731,54648
2019,New Jersey,1540209,2311,5734,4208,5419,8419,17662,41376,344462,238613,1970,6287,3388,5820,8700,18963,53645,416166,357066
2019,New Mexico,421672,383,1417,1649,2663,2842,6243,15399,98903,64220,659,1182,917,1382,3160,7105,17166,111858,84524
2019,New York,3471241,2663,8665,8150,18343,24145,44851,107111,767449,535560,2874,5835,9252,15153,23900,44796,120466,926921,805107
2019,North Carolina,1943472,2298,3498,2899,7042,16968,29540,73026,449191,276157,1487,2855,3304,6986,15580,31060,85976,544456,391149
2019,North Dakota,122416,0,386,430,594,690,1052,3205,30779,19154,15,30,157,32,823,1306,3897,31970,27896
2019,Ohio,2203205,2774,4035,3412,10446,17054,30996,77464,515279,326978,907,4380,3572,7564,14405,35867,84747,593741,469584
2019,Oklahoma,723714,3674,8188,2229,3465,7436,12436,27011,158584,105728,3567,5256,2378,4178,6684,13417,31575,185213,142695
2019,Oregon,821972,373,2878,1660,3932,5230,8965,23579,204037,125325,545,1030,1345,3276,3847,10429,24688,236139,164694
2019,Pennsylvania,2567389,1735,6918,5613,10656,16892,34805,85778,587592,390366,1994,4762,4784,9004,22067,39571,93454,679115,572283
2019,Rhode Island,205459,133,1537,850,1609,2001,3720,7610,44680,30181,175,209,269,823,2101,4410,7799,53554,43798
2019,South Carolina,1043459,834,2852,1847,4442,6236,13708,39501,245939,148912,529,2155,1324,3819,5598,17465,50754,297766,199778
2019,South Dakota,162822,0,583,420,1283,982,1499,5576,40979,24347,82,251,118,1099,1216,2825,4681,43418,33463
2019,Tennessee,1269246,1016,3839,2644,5200,9330,19842,51912,294642,181482,186,1979,2993,3850,9344,21153,58183,347546,254105
2019,Texas,4001649,5594,16051,9007,19603,34288,52282,127915,948648,579738,8360,15571,8333,15381,37030,60729,152287,1107241,803591
2019,Utah,384901,250,678,1907,2071,3422,3612,8487,95557,63350,322,529,557,1454,3512,3901,10063,106931,78298
2019,Vermont,138987,497,338,277,1028,856,2132,4179,34892,20186,0,79,767,891,1169,2125,5958,37077,26536
2019,Virginia,1466136,3431,4855,3359,6412,9641,18796,43035,344636,218153,4058,4687,2179,4831,12815,24076,51618,406719,302835
2019,Washington,1284693,665,3918,3816,4701,7942,14415,36021,320127,195893,295,2731,2446,6005,10070,13559,43939,363523,254627
2019,West Virginia,428227,1232,699,897,1810,2575,11952,22143,100540,60441,362,821,670,1467,4586,7634,20339,108545,81514
2019,Wisconsin,1094731,1264,3283,3101,5765,5777,12404,29584,273214,168614,1225,2191,2152,3473,7435,14833,34895,296741,228780
2019,Wyoming,105893,38,336,55,414,1370,1144,3174,29120,16160,66,112,19,315,424,960,3054,29251,19881
